股票名称,股票代码,日期,开盘,收盘,最高,最低,成交量,成交额,振幅,涨跌幅,涨跌额,换手率
SPIRAX-SARCO ENGINEERING PLC OR,SPX,2021-11-30 16:01,15840.0,15715.0,15840.0,15675.0,1318,20670788.0,1.04,-0.79,-125.0,0.0
SPIRAX-SARCO ENGINEERING PLC OR,SPX,2021-11-30 16:02,15820.0,15820.0,15820.0,15820.0,42,664439.0,0.0,0.67,105.0,0.0
SPIRAX-SARCO ENGINEERING PLC OR,SPX,2021-11-30 16:03,15795.0,15760.0,15795.0,15735.0,72,1134930.0,0.38,-0.38,-60.0,0.0
SPIRAX-SARCO ENGINEERING PLC OR,SPX,2021-11-30 16:04,15760.0,15760.0,15760.0,15760.0,200,3146187.0,0.0,0.0,0.0,0.0
SPIRAX-SARCO ENGINEERING PLC OR,SPX,2021-11-30 16:05,15725.0,15700.0,15750.0,15670.0,785,12350797.0,0.51,-0.38,-60.0,0.0
SPIRAX-SARCO ENGINEERING PLC OR,SPX,2021-11-30 16:06,15660.0,15685.0,15685.0,15660.0,35,548674.0,0.16,-0.1,-15.0,0.0
SPIRAX-SARCO ENGINEERING PLC OR,SPX,2021-11-30 16:07,15700.0,15685.0,15705.0,15685.0,41,643584.0,0.13,0.0,0.0,0.0
SPIRAX-SARCO ENGINEERING PLC OR,SPX,2021-11-30 16:08,15665.0,15640.0,15665.0,15640.0,99,1550617.0,0.16,-0.29,-45.0,0.0
SPIRAX-SARCO ENGINEERING PLC OR,SPX,2021-11-30 16:09,15635.0,15630.0,15635.0,15630.0,22,343915.0,0.03,-0.06,-10.0,0.0
SPIRAX-SARCO ENGINEERING PLC OR,SPX,2021-11-30 16:10,15625.0,15630.0,15630.0,15625.0,36,562605.0,0.03,0.0,0.0,0.0
SPIRAX-SARCO ENGINEERING PLC OR,SPX,2021-11-30 16:11,15650.0,15610.0,15650.0,15610.0,73,1140019.0,0.26,-0.13,-20.0,0.0
SPIRAX-SARCO ENGINEERING PLC OR,SPX,2021-11-30 16:12,15600.0,15600.0,15605.0,15600.0,108,1684915.0,0.03,-0.06,-10.0,0.0
SPIRAX-SARCO ENGINEERING PLC OR,SPX,2021-11-30 16:13,15600.0,15640.0,15645.0,15600.0,94,1468590.0,0.29,0.26,40.0,0.0
SPIRAX-SARCO ENGINEERING PLC OR,SPX,2021-11-30 16:14,15640.0,15595.0,15640.0,15595.0,39,609255.0,0.29,-0.29,-45.0,0.0
SPIRAX-SARCO ENGINEERING PLC OR,SPX,2021-11-30 16:15,15605.0,15595.0,15605.0,15575.0,72,1122904.0,0.19,0.0,0.0,0.0
SPIRAX-SARCO ENGINEERING PLC OR,SPX,2021-11-30 16:16,15585.0,15545.0,15585.0,15545.0,92,1431335.0,0.26,-0.32,-50.0,0.0
SPIRAX-SARCO ENGINEERING PLC OR,SPX,2021-11-30 16:17,15570.0,15585.0,15590.0,15570.0,120,1869900.0,0.13,0.26,40.0,0.0
SPIRAX-SARCO ENGINEERING PLC OR,SPX,2021-11-30 16:18,15590.0,15570.0,15590.0,15570.0,25,389549.0,0.13,-0.1,-15.0,0.0
SPIRAX-SARCO ENGINEERING PLC OR,SPX,2021-11-30 16:19,15585.0,15570.0,15585.0,15570.0,95,1480245.0,0.1,0.0,0.0,0.0
SPIRAX-SARCO ENGINEERING PLC OR,SPX,2021-11-30 16:20,15580.0,15585.0,15585.0,15580.0,24,373994.0,0.03,0.1,15.0,0.0
SPIRAX-SARCO ENGINEERING PLC OR,SPX,2021-11-30 16:21,15575.0,15550.0,15575.0,15550.0,67,1042705.0,0.16,-0.22,-35.0,0.0
SPIRAX-SARCO ENGINEERING PLC OR,SPX,2021-11-30 16:22,15560.0,15575.0,15575.0,15560.0,35,544880.0,0.1,0.16,25.0,0.0
SPIRAX-SARCO ENGINEERING PLC OR,SPX,2021-11-30 16:23,15575.0,15575.0,15575.0,15575.0,0,0.0,0.0,0.0,0.0,0.0
SPIRAX-SARCO ENGINEERING PLC OR,SPX,2021-11-30 16:24,15555.0,15545.0,15555.0,15545.0,28,435399.0,0.06,-0.19,-30.0,0.0
SPIRAX-SARCO ENGINEERING PLC OR,SPX,2021-11-30 16:25,15540.0,15565.0,15570.0,15540.0,114,1773780.0,0.19,0.13,20.0,0.0
SPIRAX-SARCO ENGINEERING PLC OR,SPX,2021-11-30 16:26,15565.0,15570.0,15570.0,15565.0,21,326949.0,0.03,0.03,5.0,0.0
SPIRAX-SARCO ENGINEERING PLC OR,SPX,2021-11-30 16:27,15575.0,15620.0,15620.0,15575.0,124,1934150.0,0.29,0.32,50.0,0.0
SPIRAX-SARCO ENGINEERING PLC OR,SPX,2021-11-30 16:28,15605.0,15595.0,15605.0,15595.0,75,1169899.0,0.06,-0.16,-25.0,0.0
SPIRAX-SARCO ENGINEERING PLC OR,SPX,2021-11-30 16:29,15595.0,15605.0,15610.0,15595.0,82,1280549.0,0.1,0.06,10.0,0.0
SPIRAX-SARCO ENGINEERING PLC OR,SPX,2021-11-30 16:30,15605.0,15580.0,15605.0,15580.0,61,950818.0,0.16,-0.16,-25.0,0.0
SPIRAX-SARCO ENGINEERING PLC OR,SPX,2021-11-30 16:31,15575.0,15560.0,15575.0,15560.0,32,498179.0,0.1,-0.13,-20.0,0.0
SPIRAX-SARCO ENGINEERING PLC OR,SPX,2021-11-30 16:32,15575.0,15580.0,15610.0,15575.0,363,5661641.0,0.22,0.13,20.0,0.0
SPIRAX-SARCO ENGINEERING PLC OR,SPX,2021-11-30 16:33,15590.0,15590.0,15590.0,15590.0,4,62359.0,0.0,0.06,10.0,0.0
SPIRAX-SARCO ENGINEERING PLC OR,SPX,2021-11-30 16:34,15595.0,15635.0,15635.0,15595.0,262,4088743.0,0.26,0.29,45.0,0.0
SPIRAX-SARCO ENGINEERING PLC OR,SPX,2021-11-30 16:35,15635.0,15625.0,15635.0,15625.0,112,1750802.0,0.06,-0.06,-10.0,0.0
SPIRAX-SARCO ENGINEERING PLC OR,SPX,2021-11-30 16:36,15620.0,15620.0,15620.0,15620.0,14,218678.0,0.0,-0.03,-5.0,0.0
SPIRAX-SARCO ENGINEERING PLC OR,SPX,2021-11-30 16:37,15625.0,15625.0,15625.0,15625.0,23,359372.0,0.0,0.03,5.0,0.0
SPIRAX-SARCO ENGINEERING PLC OR,SPX,2021-11-30 16:38,15620.0,15610.0,15620.0,15600.0,278,4340046.0,0.13,-0.1,-15.0,0.0
SPIRAX-SARCO ENGINEERING PLC OR,SPX,2021-11-30 16:39,15615.0,15605.0,15615.0,15600.0,181,2825173.0,0.1,-0.03,-5.0,0.0
SPIRAX-SARCO ENGINEERING PLC OR,SPX,2021-11-30 16:40,15610.0,15585.0,15610.0,15585.0,60,936082.0,0.16,-0.13,-20.0,0.0
SPIRAX-SARCO ENGINEERING PLC OR,SPX,2021-11-30 16:41,15575.0,15580.0,15580.0,15575.0,257,4003127.0,0.03,-0.03,-5.0,0.0
SPIRAX-SARCO ENGINEERING PLC OR,SPX,2021-11-30 16:42,15580.0,15590.0,15590.0,15580.0,71,1106624.0,0.06,0.06,10.0,0.0
SPIRAX-SARCO ENGINEERING PLC OR,SPX,2021-11-30 16:43,15595.0,15620.0,15620.0,15595.0,103,1607720.0,0.16,0.19,30.0,0.0
SPIRAX-SARCO ENGINEERING PLC OR,SPX,2021-11-30 16:44,15610.0,15615.0,15615.0,15600.0,108,1685388.0,0.1,-0.03,-5.0,0.0
SPIRAX-SARCO ENGINEERING PLC OR,SPX,2021-11-30 16:45,15620.0,15585.0,15620.0,15575.0,157,2448587.0,0.29,-0.19,-30.0,0.0
SPIRAX-SARCO ENGINEERING PLC OR,SPX,2021-11-30 16:46,15585.0,15565.0,15585.0,15565.0,115,1791297.0,0.13,-0.13,-20.0,0.0
SPIRAX-SARCO ENGINEERING PLC OR,SPX,2021-11-30 16:47,15565.0,15560.0,15565.0,15560.0,150,2334578.0,0.03,-0.03,-5.0,0.0
SPIRAX-SARCO ENGINEERING PLC OR,SPX,2021-11-30 16:48,15555.0,15550.0,15555.0,15550.0,39,606562.0,0.03,-0.06,-10.0,0.0
SPIRAX-SARCO ENGINEERING PLC OR,SPX,2021-11-30 16:49,15550.0,15530.0,15550.0,15530.0,66,1026076.0,0.13,-0.13,-20.0,0.0
SPIRAX-SARCO ENGINEERING PLC OR,SPX,2021-11-30 16:50,15530.0,15535.0,15540.0,15530.0,144,2237042.0,0.06,0.03,5.0,0.0
SPIRAX-SARCO ENGINEERING PLC OR,SPX,2021-11-30 16:51,15535.0,15510.0,15535.0,15510.0,88,1364897.0,0.16,-0.16,-25.0,0.0
SPIRAX-SARCO ENGINEERING PLC OR,SPX,2021-11-30 16:52,15495.0,15520.0,15520.0,15495.0,218,3380868.0,0.16,0.06,10.0,0.0
SPIRAX-SARCO ENGINEERING PLC OR,SPX,2021-11-30 16:53,15520.0,15535.0,15535.0,15520.0,75,1164679.0,0.1,0.1,15.0,0.0
SPIRAX-SARCO ENGINEERING PLC OR,SPX,2021-11-30 16:54,15525.0,15535.0,15545.0,15525.0,245,3806580.0,0.13,0.0,0.0,0.0
SPIRAX-SARCO ENGINEERING PLC OR,SPX,2021-11-30 16:55,15540.0,15520.0,15545.0,15520.0,191,2965944.0,0.16,-0.1,-15.0,0.0
SPIRAX-SARCO ENGINEERING PLC OR,SPX,2021-11-30 16:56,15530.0,15530.0,15540.0,15530.0,174,2703667.0,0.06,0.06,10.0,0.0
SPIRAX-SARCO ENGINEERING PLC OR,SPX,2021-11-30 16:57,15530.0,15555.0,15555.0,15530.0,267,4148341.0,0.16,0.16,25.0,0.0
SPIRAX-SARCO ENGINEERING PLC OR,SPX,2021-11-30 16:58,15560.0,15540.0,15565.0,15540.0,233,3624704.0,0.16,-0.1,-15.0,0.0
SPIRAX-SARCO ENGINEERING PLC OR,SPX,2021-11-30 16:59,15550.0,15535.0,15550.0,15530.0,116,1802799.0,0.13,-0.03,-5.0,0.0
SPIRAX-SARCO ENGINEERING PLC OR,SPX,2021-11-30 17:00,15520.0,15515.0,15520.0,15515.0,32,496544.0,0.03,-0.13,-20.0,0.0
SPIRAX-SARCO ENGINEERING PLC OR,SPX,2021-11-30 17:01,15510.0,15490.0,15510.0,15490.0,42,650931.0,0.13,-0.16,-25.0,0.0
SPIRAX-SARCO ENGINEERING PLC OR,SPX,2021-11-30 17:02,15490.0,15490.0,15490.0,15475.0,246,3809877.0,0.1,0.0,0.0,0.0
SPIRAX-SARCO ENGINEERING PLC OR,SPX,2021-11-30 17:03,15480.0,15455.0,15480.0,15455.0,73,1129313.0,0.16,-0.23,-35.0,0.0
SPIRAX-SARCO ENGINEERING PLC OR,SPX,2021-11-30 17:04,15450.0,15460.0,15470.0,15450.0,257,3974114.0,0.13,0.03,5.0,0.0
SPIRAX-SARCO ENGINEERING PLC OR,SPX,2021-11-30 17:05,15470.0,15485.0,15485.0,15470.0,147,2275485.0,0.1,0.16,25.0,0.0
SPIRAX-SARCO ENGINEERING PLC OR,SPX,2021-11-30 17:06,15495.0,15485.0,15500.0,15485.0,160,2478136.0,0.1,0.0,0.0,0.0
SPIRAX-SARCO ENGINEERING PLC OR,SPX,2021-11-30 17:07,15480.0,15460.0,15480.0,15455.0,99,1531590.0,0.16,-0.16,-25.0,0.0
SPIRAX-SARCO ENGINEERING PLC OR,SPX,2021-11-30 17:08,15460.0,15500.0,15505.0,15460.0,318,4921682.0,0.29,0.26,40.0,0.0
SPIRAX-SARCO ENGINEERING PLC OR,SPX,2021-11-30 17:09,15505.0,15500.0,15510.0,15500.0,176,2728330.0,0.06,0.0,0.0,0.0
SPIRAX-SARCO ENGINEERING PLC OR,SPX,2021-11-30 17:10,15515.0,15515.0,15525.0,15510.0,263,4080846.0,0.1,0.1,15.0,0.0
SPIRAX-SARCO ENGINEERING PLC OR,SPX,2021-11-30 17:11,15515.0,15500.0,15520.0,15500.0,175,2714860.0,0.13,-0.1,-15.0,0.0
SPIRAX-SARCO ENGINEERING PLC OR,SPX,2021-11-30 17:12,15500.0,15490.0,15505.0,15490.0,98,1519182.0,0.1,-0.06,-10.0,0.0
SPIRAX-SARCO ENGINEERING PLC OR,SPX,2021-11-30 17:13,15480.0,15490.0,15500.0,15480.0,99,1533646.0,0.13,0.0,0.0,0.0
SPIRAX-SARCO ENGINEERING PLC OR,SPX,2021-11-30 17:14,15490.0,15495.0,15510.0,15485.0,242,3750029.0,0.16,0.03,5.0,0.0
SPIRAX-SARCO ENGINEERING PLC OR,SPX,2021-11-30 17:15,15505.0,15520.0,15520.0,15505.0,226,3506413.0,0.1,0.16,25.0,0.0
SPIRAX-SARCO ENGINEERING PLC OR,SPX,2021-11-30 17:16,15510.0,15505.0,15515.0,15505.0,231,3582842.0,0.06,-0.1,-15.0,0.0
SPIRAX-SARCO ENGINEERING PLC OR,SPX,2021-11-30 17:17,15520.0,15535.0,15535.0,15505.0,235,3647256.0,0.19,0.19,30.0,0.0
SPIRAX-SARCO ENGINEERING PLC OR,SPX,2021-11-30 17:18,15550.0,15560.0,15575.0,15550.0,241,3749312.0,0.16,0.16,25.0,0.0
SPIRAX-SARCO ENGINEERING PLC OR,SPX,2021-11-30 17:19,15560.0,15600.0,15600.0,15560.0,58,903754.0,0.26,0.26,40.0,0.0
SPIRAX-SARCO ENGINEERING PLC OR,SPX,2021-11-30 17:20,15600.0,15600.0,15600.0,15600.0,0,0.0,0.0,0.0,0.0,0.0
SPIRAX-SARCO ENGINEERING PLC OR,SPX,2021-11-30 17:21,15595.0,15630.0,15630.0,15585.0,577,9003153.0,0.29,0.19,30.0,0.0
SPIRAX-SARCO ENGINEERING PLC OR,SPX,2021-11-30 17:22,15625.0,15625.0,15625.0,15625.0,33,515686.0,0.0,-0.03,-5.0,0.0
SPIRAX-SARCO ENGINEERING PLC OR,SPX,2021-11-30 17:23,15620.0,15620.0,15620.0,15610.0,183,2857821.0,0.06,-0.03,-5.0,0.0
SPIRAX-SARCO ENGINEERING PLC OR,SPX,2021-11-30 17:24,15620.0,15605.0,15620.0,15605.0,81,1264532.0,0.1,-0.1,-15.0,0.0
SPIRAX-SARCO ENGINEERING PLC OR,SPX,2021-11-30 17:25,15610.0,15605.0,15610.0,15605.0,124,1935343.0,0.03,0.0,0.0,0.0
SPIRAX-SARCO ENGINEERING PLC OR,SPX,2021-11-30 17:26,15600.0,15590.0,15605.0,15585.0,127,1980606.0,0.13,-0.1,-15.0,0.0
SPIRAX-SARCO ENGINEERING PLC OR,SPX,2021-11-30 17:27,15595.0,15615.0,15615.0,15595.0,58,904991.0,0.13,0.16,25.0,0.0
SPIRAX-SARCO ENGINEERING PLC OR,SPX,2021-11-30 17:28,15620.0,15635.0,15635.0,15620.0,74,1156253.0,0.1,0.13,20.0,0.0
SPIRAX-SARCO ENGINEERING PLC OR,SPX,2021-11-30 17:29,15620.0,15615.0,15620.0,15610.0,139,2170219.0,0.06,-0.13,-20.0,0.0
SPIRAX-SARCO ENGINEERING PLC OR,SPX,2021-11-30 17:30,15615.0,15605.0,15615.0,15605.0,97,1514127.0,0.06,-0.06,-10.0,0.0
SPIRAX-SARCO ENGINEERING PLC OR,SPX,2021-11-30 17:31,15595.0,15595.0,15595.0,15595.0,35,545825.0,0.0,-0.06,-10.0,0.0
SPIRAX-SARCO ENGINEERING PLC OR,SPX,2021-11-30 17:32,15605.0,15575.0,15605.0,15575.0,125,1948425.0,0.19,-0.13,-20.0,0.0
SPIRAX-SARCO ENGINEERING PLC OR,SPX,2021-11-30 17:33,15585.0,15560.0,15585.0,15560.0,124,1930798.0,0.16,-0.1,-15.0,0.0
SPIRAX-SARCO ENGINEERING PLC OR,SPX,2021-11-30 17:34,15570.0,15595.0,15595.0,15570.0,105,1635649.0,0.16,0.22,35.0,0.0
SPIRAX-SARCO ENGINEERING PLC OR,SPX,2021-11-30 17:35,15610.0,15605.0,15610.0,15600.0,199,3105884.0,0.06,0.06,10.0,0.0
SPIRAX-SARCO ENGINEERING PLC OR,SPX,2021-11-30 17:36,15620.0,15620.0,15620.0,15615.0,58,905881.0,0.03,0.1,15.0,0.0
SPIRAX-SARCO ENGINEERING PLC OR,SPX,2021-11-30 17:37,15620.0,15610.0,15620.0,15610.0,120,1873993.0,0.06,-0.06,-10.0,0.0
SPIRAX-SARCO ENGINEERING PLC OR,SPX,2021-11-30 17:38,15610.0,15615.0,15615.0,15600.0,58,905041.0,0.1,0.03,5.0,0.0
SPIRAX-SARCO ENGINEERING PLC OR,SPX,2021-11-30 17:39,15615.0,15615.0,15620.0,15610.0,56,874371.0,0.06,0.0,0.0,0.0
SPIRAX-SARCO ENGINEERING PLC OR,SPX,2021-11-30 17:40,15615.0,15635.0,15635.0,15615.0,102,1593944.0,0.13,0.13,20.0,0.0
SPIRAX-SARCO ENGINEERING PLC OR,SPX,2021-11-30 17:41,15645.0,15625.0,15645.0,15620.0,98,1531323.0,0.16,-0.06,-10.0,0.0
SPIRAX-SARCO ENGINEERING PLC OR,SPX,2021-11-30 17:42,15630.0,15630.0,15635.0,15625.0,71,1109682.0,0.06,0.03,5.0,0.0
SPIRAX-SARCO ENGINEERING PLC OR,SPX,2021-11-30 17:43,15640.0,15660.0,15660.0,15640.0,336,5257299.0,0.13,0.19,30.0,0.0
SPIRAX-SARCO ENGINEERING PLC OR,SPX,2021-11-30 17:44,15665.0,15665.0,15665.0,15665.0,13,203645.0,0.0,0.03,5.0,0.0
SPIRAX-SARCO ENGINEERING PLC OR,SPX,2021-11-30 17:45,15650.0,15655.0,15655.0,15645.0,72,1126899.0,0.06,-0.06,-10.0,0.0
SPIRAX-SARCO ENGINEERING PLC OR,SPX,2021-11-30 17:46,15655.0,15655.0,15655.0,15655.0,0,0.0,0.0,0.0,0.0,0.0
SPIRAX-SARCO ENGINEERING PLC OR,SPX,2021-11-30 17:47,15650.0,15640.0,15650.0,15640.0,40,625772.0,0.06,-0.1,-15.0,0.0
SPIRAX-SARCO ENGINEERING PLC OR,SPX,2021-11-30 17:48,15650.0,15660.0,15670.0,15650.0,73,1143425.0,0.13,0.13,20.0,0.0
SPIRAX-SARCO ENGINEERING PLC OR,SPX,2021-11-30 17:49,15665.0,15715.0,15720.0,15665.0,493,7733753.0,0.35,0.35,55.0,0.0
SPIRAX-SARCO ENGINEERING PLC OR,SPX,2021-11-30 17:50,15720.0,15735.0,15735.0,15715.0,214,3364139.0,0.13,0.13,20.0,0.0
SPIRAX-SARCO ENGINEERING PLC OR,SPX,2021-11-30 17:51,15725.0,15735.0,15735.0,15725.0,82,1289509.0,0.06,0.0,0.0,0.0
SPIRAX-SARCO ENGINEERING PLC OR,SPX,2021-11-30 17:52,15740.0,15740.0,15740.0,15740.0,48,755526.0,0.0,0.03,5.0,0.0
SPIRAX-SARCO ENGINEERING PLC OR,SPX,2021-11-30 17:53,15745.0,15715.0,15745.0,15715.0,216,3397415.0,0.19,-0.16,-25.0,0.0
SPIRAX-SARCO ENGINEERING PLC OR,SPX,2021-11-30 17:54,15725.0,15705.0,15725.0,15705.0,114,1791396.0,0.13,-0.06,-10.0,0.0
SPIRAX-SARCO ENGINEERING PLC OR,SPX,2021-11-30 17:55,15710.0,15705.0,15710.0,15700.0,234,3674486.0,0.06,0.0,0.0,0.0
SPIRAX-SARCO ENGINEERING PLC OR,SPX,2021-11-30 17:56,15700.0,15700.0,15700.0,15700.0,60,942005.0,0.0,-0.03,-5.0,0.0
SPIRAX-SARCO ENGINEERING PLC OR,SPX,2021-11-30 17:57,15700.0,15700.0,15700.0,15695.0,66,1036060.0,0.03,0.0,0.0,0.0
SPIRAX-SARCO ENGINEERING PLC OR,SPX,2021-11-30 17:58,15705.0,15700.0,15705.0,15700.0,28,439677.0,0.03,0.0,0.0,0.0
SPIRAX-SARCO ENGINEERING PLC OR,SPX,2021-11-30 17:59,15720.0,15725.0,15730.0,15720.0,63,990836.0,0.06,0.16,25.0,0.0
SPIRAX-SARCO ENGINEERING PLC OR,SPX,2021-11-30 18:00,15725.0,15725.0,15725.0,15720.0,82,1289183.0,0.03,0.0,0.0,0.0
SPIRAX-SARCO ENGINEERING PLC OR,SPX,2021-11-30 18:01,15725.0,15740.0,15740.0,15725.0,29,456318.0,0.1,0.1,15.0,0.0
SPIRAX-SARCO ENGINEERING PLC OR,SPX,2021-11-30 18:02,15745.0,15745.0,15745.0,15745.0,109,1716218.0,0.0,0.03,5.0,0.0
SPIRAX-SARCO ENGINEERING PLC OR,SPX,2021-11-30 18:03,15745.0,15740.0,15745.0,15740.0,305,4801130.0,0.03,-0.03,-5.0,0.0
SPIRAX-SARCO ENGINEERING PLC OR,SPX,2021-11-30 18:04,15740.0,15745.0,15750.0,15735.0,132,2077629.0,0.1,0.03,5.0,0.0
SPIRAX-SARCO ENGINEERING PLC OR,SPX,2021-11-30 18:05,15740.0,15750.0,15750.0,15740.0,205,3228428.0,0.06,0.03,5.0,0.0
SPIRAX-SARCO ENGINEERING PLC OR,SPX,2021-11-30 18:06,15755.0,15770.0,15770.0,15755.0,58,914387.0,0.1,0.13,20.0,0.0
SPIRAX-SARCO ENGINEERING PLC OR,SPX,2021-11-30 18:07,15760.0,15770.0,15770.0,15755.0,196,3089053.0,0.1,0.0,0.0,0.0
SPIRAX-SARCO ENGINEERING PLC OR,SPX,2021-11-30 18:08,15765.0,15755.0,15765.0,15755.0,97,1528716.0,0.06,-0.1,-15.0,0.0
SPIRAX-SARCO ENGINEERING PLC OR,SPX,2021-11-30 18:09,15760.0,15755.0,15760.0,15755.0,45,709090.0,0.03,0.0,0.0,0.0
SPIRAX-SARCO ENGINEERING PLC OR,SPX,2021-11-30 18:10,15755.0,15755.0,15760.0,15750.0,118,1859018.0,0.06,0.0,0.0,0.0
SPIRAX-SARCO ENGINEERING PLC OR,SPX,2021-11-30 18:11,15755.0,15750.0,15760.0,15750.0,142,2237275.0,0.06,-0.03,-5.0,0.0
SPIRAX-SARCO ENGINEERING PLC OR,SPX,2021-11-30 18:12,15750.0,15750.0,15750.0,15750.0,111,1749684.0,0.0,0.0,0.0,0.0
SPIRAX-SARCO ENGINEERING PLC OR,SPX,2021-11-30 18:13,15765.0,15770.0,15770.0,15765.0,18,283827.0,0.03,0.13,20.0,0.0
SPIRAX-SARCO ENGINEERING PLC OR,SPX,2021-11-30 18:14,15790.0,15785.0,15790.0,15780.0,162,2557161.0,0.06,0.1,15.0,0.0
SPIRAX-SARCO ENGINEERING PLC OR,SPX,2021-11-30 18:15,15790.0,15775.0,15790.0,15775.0,237,3740635.0,0.1,-0.06,-10.0,0.0
SPIRAX-SARCO ENGINEERING PLC OR,SPX,2021-11-30 18:16,15770.0,15770.0,15770.0,15770.0,23,362712.0,0.0,-0.03,-5.0,0.0
SPIRAX-SARCO ENGINEERING PLC OR,SPX,2021-11-30 18:17,15765.0,15750.0,15765.0,15750.0,196,3088520.0,0.1,-0.13,-20.0,0.0
SPIRAX-SARCO ENGINEERING PLC OR,SPX,2021-11-30 18:18,15740.0,15725.0,15750.0,15725.0,117,1841085.0,0.16,-0.16,-25.0,0.0
SPIRAX-SARCO ENGINEERING PLC OR,SPX,2021-11-30 18:19,15730.0,15730.0,15730.0,15730.0,33,519092.0,0.0,0.03,5.0,0.0
SPIRAX-SARCO ENGINEERING PLC OR,SPX,2021-11-30 18:20,15740.0,15725.0,15745.0,15720.0,199,3131531.0,0.16,-0.03,-5.0,0.0
SPIRAX-SARCO ENGINEERING PLC OR,SPX,2021-11-30 18:21,15720.0,15720.0,15720.0,15720.0,67,1053244.0,0.0,-0.03,-5.0,0.0
SPIRAX-SARCO ENGINEERING PLC OR,SPX,2021-11-30 18:22,15720.0,15705.0,15720.0,15705.0,347,5450956.0,0.1,-0.1,-15.0,0.0
SPIRAX-SARCO ENGINEERING PLC OR,SPX,2021-11-30 18:23,15705.0,15705.0,15705.0,15705.0,4,62820.0,0.0,0.0,0.0,0.0
SPIRAX-SARCO ENGINEERING PLC OR,SPX,2021-11-30 18:24,15705.0,15670.0,15705.0,15670.0,277,4345887.0,0.22,-0.22,-35.0,0.0
SPIRAX-SARCO ENGINEERING PLC OR,SPX,2021-11-30 18:25,15670.0,15660.0,15680.0,15660.0,220,3446656.0,0.13,-0.06,-10.0,0.0
SPIRAX-SARCO ENGINEERING PLC OR,SPX,2021-11-30 18:26,15655.0,15680.0,15680.0,15655.0,162,2537554.0,0.16,0.13,20.0,0.0
SPIRAX-SARCO ENGINEERING PLC OR,SPX,2021-11-30 18:27,15680.0,15680.0,15680.0,15680.0,0,0.0,0.0,0.0,0.0,0.0
SPIRAX-SARCO ENGINEERING PLC OR,SPX,2021-11-30 18:28,15690.0,15675.0,15690.0,15675.0,223,3497829.0,0.1,-0.03,-5.0,0.0
SPIRAX-SARCO ENGINEERING PLC OR,SPX,2021-11-30 18:29,15670.0,15690.0,15690.0,15670.0,51,799611.0,0.13,0.1,15.0,0.0
SPIRAX-SARCO ENGINEERING PLC OR,SPX,2021-11-30 18:30,15695.0,15695.0,15695.0,15695.0,56,878942.0,0.0,0.03,5.0,0.0
SPIRAX-SARCO ENGINEERING PLC OR,SPX,2021-11-30 18:31,15690.0,15700.0,15700.0,15685.0,58,910157.0,0.1,0.03,5.0,0.0
SPIRAX-SARCO ENGINEERING PLC OR,SPX,2021-11-30 18:32,15700.0,15710.0,15710.0,15700.0,20,314111.0,0.06,0.06,10.0,0.0
SPIRAX-SARCO ENGINEERING PLC OR,SPX,2021-11-30 18:33,15710.0,15710.0,15710.0,15710.0,16,251521.0,0.0,0.0,0.0,0.0
SPIRAX-SARCO ENGINEERING PLC OR,SPX,2021-11-30 18:34,15710.0,15725.0,15725.0,15710.0,325,5109345.0,0.1,0.1,15.0,0.0
SPIRAX-SARCO ENGINEERING PLC OR,SPX,2021-11-30 18:35,15715.0,15720.0,15720.0,15710.0,144,2262778.0,0.06,-0.03,-5.0,0.0
SPIRAX-SARCO ENGINEERING PLC OR,SPX,2021-11-30 18:36,15705.0,15710.0,15710.0,15695.0,89,1397524.0,0.1,-0.06,-10.0,0.0
SPIRAX-SARCO ENGINEERING PLC OR,SPX,2021-11-30 18:37,15695.0,15695.0,15700.0,15695.0,42,659266.0,0.03,-0.1,-15.0,0.0
SPIRAX-SARCO ENGINEERING PLC OR,SPX,2021-11-30 18:38,15695.0,15700.0,15700.0,15695.0,35,549601.0,0.03,0.03,5.0,0.0
SPIRAX-SARCO ENGINEERING PLC OR,SPX,2021-11-30 18:39,15690.0,15700.0,15700.0,15690.0,81,1271483.0,0.06,0.0,0.0,0.0
SPIRAX-SARCO ENGINEERING PLC OR,SPX,2021-11-30 18:40,15710.0,15715.0,15715.0,15705.0,85,1335239.0,0.06,0.1,15.0,0.0
SPIRAX-SARCO ENGINEERING PLC OR,SPX,2021-11-30 18:41,15725.0,15725.0,15725.0,15725.0,7,110075.0,0.0,0.06,10.0,0.0
SPIRAX-SARCO ENGINEERING PLC OR,SPX,2021-11-30 18:42,15735.0,15735.0,15735.0,15735.0,7,110145.0,0.0,0.06,10.0,0.0
SPIRAX-SARCO ENGINEERING PLC OR,SPX,2021-11-30 18:43,15740.0,15735.0,15740.0,15735.0,83,1306200.0,0.03,0.0,0.0,0.0
SPIRAX-SARCO ENGINEERING PLC OR,SPX,2021-11-30 18:44,15735.0,15725.0,15735.0,15725.0,135,2122530.0,0.06,-0.06,-10.0,0.0
SPIRAX-SARCO ENGINEERING PLC OR,SPX,2021-11-30 18:45,15725.0,15730.0,15730.0,15725.0,126,1981865.0,0.03,0.03,5.0,0.0
SPIRAX-SARCO ENGINEERING PLC OR,SPX,2021-11-30 18:46,15725.0,15715.0,15725.0,15715.0,67,1053442.0,0.06,-0.1,-15.0,0.0
SPIRAX-SARCO ENGINEERING PLC OR,SPX,2021-11-30 18:47,15720.0,15725.0,15725.0,15715.0,46,723140.0,0.06,0.06,10.0,0.0
SPIRAX-SARCO ENGINEERING PLC OR,SPX,2021-11-30 18:48,15720.0,15720.0,15720.0,15720.0,14,220081.0,0.0,-0.03,-5.0,0.0
SPIRAX-SARCO ENGINEERING PLC OR,SPX,2021-11-30 18:49,15715.0,15710.0,15715.0,15710.0,10,157136.0,0.03,-0.06,-10.0,0.0
SPIRAX-SARCO ENGINEERING PLC OR,SPX,2021-11-30 18:50,15715.0,15725.0,15725.0,15710.0,116,1823553.0,0.1,0.1,15.0,0.0
SPIRAX-SARCO ENGINEERING PLC OR,SPX,2021-11-30 18:51,15725.0,15725.0,15725.0,15725.0,0,0.0,0.0,0.0,0.0,0.0
SPIRAX-SARCO ENGINEERING PLC OR,SPX,2021-11-30 18:52,15725.0,15720.0,15725.0,15715.0,189,2971241.0,0.06,-0.03,-5.0,0.0
SPIRAX-SARCO ENGINEERING PLC OR,SPX,2021-11-30 18:53,15720.0,15720.0,15720.0,15720.0,0,0.0,0.0,0.0,0.0,0.0
SPIRAX-SARCO ENGINEERING PLC OR,SPX,2021-11-30 18:54,15725.0,15730.0,15730.0,15725.0,10,157266.0,0.03,0.06,10.0,0.0
SPIRAX-SARCO ENGINEERING PLC OR,SPX,2021-11-30 18:55,15730.0,15730.0,15730.0,15730.0,0,0.0,0.0,0.0,0.0,0.0
SPIRAX-SARCO ENGINEERING PLC OR,SPX,2021-11-30 18:56,15745.0,15745.0,15745.0,15745.0,12,188941.0,0.0,0.1,15.0,0.0
SPIRAX-SARCO ENGINEERING PLC OR,SPX,2021-11-30 18:57,15740.0,15740.0,15740.0,15740.0,13,204621.0,0.0,-0.03,-5.0,0.0
SPIRAX-SARCO ENGINEERING PLC OR,SPX,2021-11-30 18:58,15740.0,15760.0,15760.0,15740.0,173,2725896.0,0.13,0.13,20.0,0.0
SPIRAX-SARCO ENGINEERING PLC OR,SPX,2021-11-30 18:59,15760.0,15755.0,15760.0,15755.0,27,425454.0,0.03,-0.03,-5.0,0.0
SPIRAX-SARCO ENGINEERING PLC OR,SPX,2021-11-30 19:00,15760.0,15760.0,15760.0,15760.0,18,283752.0,0.0,0.03,5.0,0.0
SPIRAX-SARCO ENGINEERING PLC OR,SPX,2021-11-30 19:01,15770.0,15785.0,15785.0,15770.0,360,5679992.0,0.1,0.16,25.0,0.0
SPIRAX-SARCO ENGINEERING PLC OR,SPX,2021-11-30 19:02,15785.0,15750.0,15785.0,15750.0,182,2868414.0,0.22,-0.22,-35.0,0.0
SPIRAX-SARCO ENGINEERING PLC OR,SPX,2021-11-30 19:03,15745.0,15740.0,15745.0,15740.0,76,1196354.0,0.03,-0.06,-10.0,0.0
SPIRAX-SARCO ENGINEERING PLC OR,SPX,2021-11-30 19:04,15740.0,15730.0,15740.0,15730.0,36,566394.0,0.06,-0.06,-10.0,0.0
SPIRAX-SARCO ENGINEERING PLC OR,SPX,2021-11-30 19:05,15715.0,15715.0,15715.0,15715.0,19,298587.0,0.0,-0.1,-15.0,0.0
SPIRAX-SARCO ENGINEERING PLC OR,SPX,2021-11-30 19:06,15715.0,15720.0,15720.0,15715.0,35,550049.0,0.03,0.03,5.0,0.0
SPIRAX-SARCO ENGINEERING PLC OR,SPX,2021-11-30 19:07,15720.0,15720.0,15720.0,15720.0,13,204361.0,0.0,0.0,0.0,0.0
SPIRAX-SARCO ENGINEERING PLC OR,SPX,2021-11-30 19:08,15720.0,15730.0,15730.0,15720.0,32,503270.0,0.06,0.06,10.0,0.0
SPIRAX-SARCO ENGINEERING PLC OR,SPX,2021-11-30 19:09,15730.0,15730.0,15730.0,15730.0,0,0.0,0.0,0.0,0.0,0.0
SPIRAX-SARCO ENGINEERING PLC OR,SPX,2021-11-30 19:10,15725.0,15725.0,15725.0,15720.0,55,864828.0,0.03,-0.03,-5.0,0.0
SPIRAX-SARCO ENGINEERING PLC OR,SPX,2021-11-30 19:11,15720.0,15710.0,15720.0,15710.0,226,3551595.0,0.06,-0.1,-15.0,0.0
SPIRAX-SARCO ENGINEERING PLC OR,SPX,2021-11-30 19:12,15725.0,15730.0,15730.0,15725.0,173,2720701.0,0.03,0.13,20.0,0.0
SPIRAX-SARCO ENGINEERING PLC OR,SPX,2021-11-30 19:13,15730.0,15720.0,15730.0,15720.0,187,2940262.0,0.06,-0.06,-10.0,0.0
SPIRAX-SARCO ENGINEERING PLC OR,SPX,2021-11-30 19:14,15735.0,15735.0,15735.0,15735.0,50,786758.0,0.0,0.1,15.0,0.0
SPIRAX-SARCO ENGINEERING PLC OR,SPX,2021-11-30 19:15,15735.0,15725.0,15735.0,15725.0,35,550570.0,0.06,-0.06,-10.0,0.0
SPIRAX-SARCO ENGINEERING PLC OR,SPX,2021-11-30 19:16,15725.0,15720.0,15725.0,15720.0,23,361613.0,0.03,-0.03,-5.0,0.0
SPIRAX-SARCO ENGINEERING PLC OR,SPX,2021-11-30 19:17,15720.0,15720.0,15720.0,15720.0,28,440248.0,0.0,0.0,0.0,0.0
SPIRAX-SARCO ENGINEERING PLC OR,SPX,2021-11-30 19:18,15735.0,15750.0,15750.0,15735.0,30,472400.0,0.1,0.19,30.0,0.0
SPIRAX-SARCO ENGINEERING PLC OR,SPX,2021-11-30 19:19,15740.0,15740.0,15740.0,15740.0,3,47220.0,0.0,-0.06,-10.0,0.0
SPIRAX-SARCO ENGINEERING PLC OR,SPX,2021-11-30 19:20,15740.0,15740.0,15740.0,15740.0,4,62940.0,0.0,0.0,0.0,0.0
SPIRAX-SARCO ENGINEERING PLC OR,SPX,2021-11-30 19:21,15740.0,15740.0,15740.0,15730.0,159,2501632.0,0.06,0.0,0.0,0.0
SPIRAX-SARCO ENGINEERING PLC OR,SPX,2021-11-30 19:22,15730.0,15730.0,15730.0,15720.0,106,1666854.0,0.06,-0.06,-10.0,0.0
SPIRAX-SARCO ENGINEERING PLC OR,SPX,2021-11-30 19:23,15735.0,15730.0,15740.0,15730.0,56,881243.0,0.06,0.0,0.0,0.0
SPIRAX-SARCO ENGINEERING PLC OR,SPX,2021-11-30 19:24,15730.0,15735.0,15740.0,15730.0,93,1463159.0,0.06,0.03,5.0,0.0
SPIRAX-SARCO ENGINEERING PLC OR,SPX,2021-11-30 19:25,15735.0,15735.0,15735.0,15735.0,0,0.0,0.0,0.0,0.0,0.0
SPIRAX-SARCO ENGINEERING PLC OR,SPX,2021-11-30 19:26,15735.0,15720.0,15735.0,15695.0,351,5514414.0,0.25,-0.1,-15.0,0.0
SPIRAX-SARCO ENGINEERING PLC OR,SPX,2021-11-30 19:27,15725.0,15730.0,15735.0,15715.0,200,3144630.0,0.13,0.06,10.0,0.0
SPIRAX-SARCO ENGINEERING PLC OR,SPX,2021-11-30 19:28,15720.0,15745.0,15745.0,15720.0,204,3210801.0,0.16,0.1,15.0,0.0
SPIRAX-SARCO ENGINEERING PLC OR,SPX,2021-11-30 19:29,15740.0,15740.0,15740.0,15740.0,25,393533.0,0.0,-0.03,-5.0,0.0
SPIRAX-SARCO ENGINEERING PLC OR,SPX,2021-11-30 19:30,15735.0,15750.0,15750.0,15735.0,158,2488361.0,0.1,0.06,10.0,0.0
SPIRAX-SARCO ENGINEERING PLC OR,SPX,2021-11-30 19:31,15755.0,15755.0,15755.0,15755.0,10,157641.0,0.0,0.03,5.0,0.0
SPIRAX-SARCO ENGINEERING PLC OR,SPX,2021-11-30 19:32,15770.0,15765.0,15770.0,15760.0,66,1040337.0,0.06,0.06,10.0,0.0
SPIRAX-SARCO ENGINEERING PLC OR,SPX,2021-11-30 19:33,15765.0,15760.0,15770.0,15760.0,148,2333198.0,0.06,-0.03,-5.0,0.0
SPIRAX-SARCO ENGINEERING PLC OR,SPX,2021-11-30 19:34,15760.0,15760.0,15760.0,15760.0,10,157601.0,0.0,0.0,0.0,0.0
SPIRAX-SARCO ENGINEERING PLC OR,SPX,2021-11-30 19:35,15755.0,15755.0,15755.0,15755.0,62,976820.0,0.0,-0.03,-5.0,0.0
SPIRAX-SARCO ENGINEERING PLC OR,SPX,2021-11-30 19:36,15755.0,15755.0,15755.0,15755.0,0,0.0,0.0,0.0,0.0,0.0
SPIRAX-SARCO ENGINEERING PLC OR,SPX,2021-11-30 19:37,15760.0,15765.0,15765.0,15760.0,30,472940.0,0.03,0.06,10.0,0.0
SPIRAX-SARCO ENGINEERING PLC OR,SPX,2021-11-30 19:38,15760.0,15760.0,15760.0,15760.0,82,1292334.0,0.0,-0.03,-5.0,0.0
SPIRAX-SARCO ENGINEERING PLC OR,SPX,2021-11-30 19:39,15760.0,15760.0,15760.0,15760.0,0,0.0,0.0,0.0,0.0,0.0
SPIRAX-SARCO ENGINEERING PLC OR,SPX,2021-11-30 19:40,15765.0,15765.0,15765.0,15765.0,9,141886.0,0.0,0.03,5.0,0.0
SPIRAX-SARCO ENGINEERING PLC OR,SPX,2021-11-30 19:41,15770.0,15770.0,15770.0,15770.0,50,788509.0,0.0,0.03,5.0,0.0
SPIRAX-SARCO ENGINEERING PLC OR,SPX,2021-11-30 19:42,15770.0,15770.0,15770.0,15770.0,0,0.0,0.0,0.0,0.0,0.0
SPIRAX-SARCO ENGINEERING PLC OR,SPX,2021-11-30 19:43,15770.0,15780.0,15780.0,15770.0,42,659087.0,0.06,0.06,10.0,0.0
SPIRAX-SARCO ENGINEERING PLC OR,SPX,2021-11-30 19:44,15780.0,15770.0,15780.0,15765.0,76,1198499.0,0.1,-0.06,-10.0,0.0
SPIRAX-SARCO ENGINEERING PLC OR,SPX,2021-11-30 19:45,15770.0,15770.0,15770.0,15770.0,15,236554.0,0.0,0.0,0.0,0.0
SPIRAX-SARCO ENGINEERING PLC OR,SPX,2021-11-30 19:46,15760.0,15760.0,15760.0,15760.0,44,693453.0,0.0,-0.06,-10.0,0.0
SPIRAX-SARCO ENGINEERING PLC OR,SPX,2021-11-30 19:47,15755.0,15755.0,15755.0,15755.0,30,472741.0,0.0,-0.03,-5.0,0.0
SPIRAX-SARCO ENGINEERING PLC OR,SPX,2021-11-30 19:48,15765.0,15770.0,15770.0,15760.0,85,1340041.0,0.06,0.1,15.0,0.0
SPIRAX-SARCO ENGINEERING PLC OR,SPX,2021-11-30 19:49,15770.0,15770.0,15770.0,15770.0,0,0.0,0.0,0.0,0.0,0.0
SPIRAX-SARCO ENGINEERING PLC OR,SPX,2021-11-30 19:50,15760.0,15760.0,15760.0,15760.0,43,677692.0,0.0,-0.06,-10.0,0.0
SPIRAX-SARCO ENGINEERING PLC OR,SPX,2021-11-30 19:51,15775.0,15770.0,15775.0,15765.0,149,2346884.0,0.06,0.06,10.0,0.0
SPIRAX-SARCO ENGINEERING PLC OR,SPX,2021-11-30 19:52,15775.0,15765.0,15775.0,15765.0,98,1545742.0,0.06,-0.03,-5.0,0.0
SPIRAX-SARCO ENGINEERING PLC OR,SPX,2021-11-30 19:53,15760.0,15765.0,15765.0,15755.0,76,1197739.0,0.06,0.0,0.0,0.0
SPIRAX-SARCO ENGINEERING PLC OR,SPX,2021-11-30 19:54,15765.0,15760.0,15770.0,15760.0,192,3026490.0,0.06,-0.03,-5.0,0.0
SPIRAX-SARCO ENGINEERING PLC OR,SPX,2021-11-30 19:55,15760.0,15760.0,15760.0,15755.0,124,1954076.0,0.03,0.0,0.0,0.0
SPIRAX-SARCO ENGINEERING PLC OR,SPX,2021-11-30 19:56,15765.0,15770.0,15770.0,15765.0,57,898833.0,0.03,0.06,10.0,0.0
SPIRAX-SARCO ENGINEERING PLC OR,SPX,2021-11-30 19:57,15765.0,15760.0,15765.0,15760.0,58,914277.0,0.03,-0.06,-10.0,0.0
SPIRAX-SARCO ENGINEERING PLC OR,SPX,2021-11-30 19:58,15765.0,15770.0,15775.0,15765.0,30,473167.0,0.06,0.06,10.0,0.0
SPIRAX-SARCO ENGINEERING PLC OR,SPX,2021-11-30 19:59,15775.0,15770.0,15775.0,15770.0,22,346999.0,0.03,0.0,0.0,0.0
SPIRAX-SARCO ENGINEERING PLC OR,SPX,2021-11-30 20:00,15770.0,15770.0,15770.0,15770.0,0,0.0,0.0,0.0,0.0,0.0
SPIRAX-SARCO ENGINEERING PLC OR,SPX,2021-11-30 20:01,15765.0,15765.0,15765.0,15765.0,38,599084.0,0.0,-0.03,-5.0,0.0
SPIRAX-SARCO ENGINEERING PLC OR,SPX,2021-11-30 20:02,15765.0,15765.0,15765.0,15765.0,0,0.0,0.0,0.0,0.0,0.0
SPIRAX-SARCO ENGINEERING PLC OR,SPX,2021-11-30 20:03,15770.0,15760.0,15770.0,15760.0,120,1891796.0,0.06,-0.03,-5.0,0.0
SPIRAX-SARCO ENGINEERING PLC OR,SPX,2021-11-30 20:04,15755.0,15755.0,15755.0,15755.0,33,519926.0,0.0,-0.03,-5.0,0.0
SPIRAX-SARCO ENGINEERING PLC OR,SPX,2021-11-30 20:05,15755.0,15755.0,15755.0,15755.0,59,929565.0,0.0,0.0,0.0,0.0
SPIRAX-SARCO ENGINEERING PLC OR,SPX,2021-11-30 20:06,15755.0,15755.0,15755.0,15755.0,15,236330.0,0.0,0.0,0.0,0.0
SPIRAX-SARCO ENGINEERING PLC OR,SPX,2021-11-30 20:07,15750.0,15750.0,15755.0,15750.0,196,3087208.0,0.03,-0.03,-5.0,0.0
SPIRAX-SARCO ENGINEERING PLC OR,SPX,2021-11-30 20:08,15745.0,15735.0,15745.0,15730.0,116,1825838.0,0.1,-0.1,-15.0,0.0
SPIRAX-SARCO ENGINEERING PLC OR,SPX,2021-11-30 20:09,15725.0,15720.0,15725.0,15720.0,39,613143.0,0.03,-0.1,-15.0,0.0
SPIRAX-SARCO ENGINEERING PLC OR,SPX,2021-11-30 20:10,15720.0,15735.0,15735.0,15720.0,136,2138772.0,0.1,0.1,15.0,0.0
SPIRAX-SARCO ENGINEERING PLC OR,SPX,2021-11-30 20:11,15720.0,15720.0,15720.0,15720.0,18,282963.0,0.0,-0.1,-15.0,0.0
SPIRAX-SARCO ENGINEERING PLC OR,SPX,2021-11-30 20:12,15725.0,15725.0,15725.0,15725.0,34,534657.0,0.0,0.03,5.0,0.0
SPIRAX-SARCO ENGINEERING PLC OR,SPX,2021-11-30 20:13,15730.0,15730.0,15730.0,15730.0,7,110111.0,0.0,0.03,5.0,0.0
SPIRAX-SARCO ENGINEERING PLC OR,SPX,2021-11-30 20:14,15735.0,15730.0,15735.0,15730.0,55,865258.0,0.03,0.0,0.0,0.0
SPIRAX-SARCO ENGINEERING PLC OR,SPX,2021-11-30 20:15,15735.0,15740.0,15740.0,15735.0,46,723977.0,0.03,0.06,10.0,0.0
SPIRAX-SARCO ENGINEERING PLC OR,SPX,2021-11-30 20:16,15745.0,15740.0,15750.0,15740.0,252,3967480.0,0.06,0.0,0.0,0.0
SPIRAX-SARCO ENGINEERING PLC OR,SPX,2021-11-30 20:17,15735.0,15735.0,15735.0,15730.0,78,1227264.0,0.03,-0.03,-5.0,0.0
SPIRAX-SARCO ENGINEERING PLC OR,SPX,2021-11-30 20:18,15730.0,15725.0,15730.0,15715.0,200,3145083.0,0.1,-0.06,-10.0,0.0
SPIRAX-SARCO ENGINEERING PLC OR,SPX,2021-11-30 20:19,15730.0,15730.0,15730.0,15730.0,20,314604.0,0.0,0.03,5.0,0.0
SPIRAX-SARCO ENGINEERING PLC OR,SPX,2021-11-30 20:20,15735.0,15735.0,15735.0,15735.0,15,236028.0,0.0,0.03,5.0,0.0
SPIRAX-SARCO ENGINEERING PLC OR,SPX,2021-11-30 20:21,15735.0,15735.0,15735.0,15735.0,70,1101467.0,0.0,0.0,0.0,0.0
SPIRAX-SARCO ENGINEERING PLC OR,SPX,2021-11-30 20:22,15740.0,15735.0,15740.0,15735.0,20,314735.0,0.03,0.0,0.0,0.0
SPIRAX-SARCO ENGINEERING PLC OR,SPX,2021-11-30 20:23,15740.0,15745.0,15745.0,15740.0,164,2581830.0,0.03,0.06,10.0,0.0
SPIRAX-SARCO ENGINEERING PLC OR,SPX,2021-11-30 20:24,15745.0,15745.0,15745.0,15745.0,117,1842197.0,0.0,0.0,0.0,0.0
SPIRAX-SARCO ENGINEERING PLC OR,SPX,2021-11-30 20:25,15745.0,15745.0,15745.0,15745.0,28,440867.0,0.0,0.0,0.0,0.0
SPIRAX-SARCO ENGINEERING PLC OR,SPX,2021-11-30 20:26,15750.0,15740.0,15750.0,15740.0,303,4770562.0,0.06,-0.03,-5.0,0.0
SPIRAX-SARCO ENGINEERING PLC OR,SPX,2021-11-30 20:27,15740.0,15740.0,15740.0,15740.0,0,0.0,0.0,0.0,0.0,0.0
SPIRAX-SARCO ENGINEERING PLC OR,SPX,2021-11-30 20:28,15745.0,15750.0,15750.0,15745.0,166,2614347.0,0.03,0.06,10.0,0.0
SPIRAX-SARCO ENGINEERING PLC OR,SPX,2021-11-30 20:29,15750.0,15750.0,15750.0,15750.0,0,0.0,0.0,0.0,0.0,0.0
SPIRAX-SARCO ENGINEERING PLC OR,SPX,2021-11-30 20:30,15740.0,15740.0,15740.0,15740.0,68,1070337.0,0.0,-0.06,-10.0,0.0
SPIRAX-SARCO ENGINEERING PLC OR,SPX,2021-11-30 20:31,15740.0,15740.0,15745.0,15740.0,114,1794443.0,0.03,0.0,0.0,0.0
SPIRAX-SARCO ENGINEERING PLC OR,SPX,2021-11-30 20:32,15735.0,15740.0,15740.0,15735.0,154,2423301.0,0.03,0.0,0.0,0.0
SPIRAX-SARCO ENGINEERING PLC OR,SPX,2021-11-30 20:33,15740.0,15740.0,15740.0,15740.0,0,0.0,0.0,0.0,0.0,0.0
SPIRAX-SARCO ENGINEERING PLC OR,SPX,2021-11-30 20:34,15735.0,15735.0,15735.0,15730.0,174,2737278.0,0.03,-0.03,-5.0,0.0
SPIRAX-SARCO ENGINEERING PLC OR,SPX,2021-11-30 20:35,15730.0,15725.0,15730.0,15725.0,87,1368172.0,0.03,-0.06,-10.0,0.0
SPIRAX-SARCO ENGINEERING PLC OR,SPX,2021-11-30 20:36,15725.0,15725.0,15725.0,15725.0,25,393129.0,0.0,0.0,0.0,0.0
SPIRAX-SARCO ENGINEERING PLC OR,SPX,2021-11-30 20:37,15720.0,15720.0,15720.0,15715.0,51,801643.0,0.03,-0.03,-5.0,0.0
SPIRAX-SARCO ENGINEERING PLC OR,SPX,2021-11-30 20:38,15715.0,15695.0,15715.0,15695.0,198,3109701.0,0.13,-0.16,-25.0,0.0
SPIRAX-SARCO ENGINEERING PLC OR,SPX,2021-11-30 20:39,15695.0,15690.0,15695.0,15690.0,84,1318037.0,0.03,-0.03,-5.0,0.0
SPIRAX-SARCO ENGINEERING PLC OR,SPX,2021-11-30 20:40,15690.0,15690.0,15690.0,15690.0,0,0.0,0.0,0.0,0.0,0.0
SPIRAX-SARCO ENGINEERING PLC OR,SPX,2021-11-30 20:41,15695.0,15700.0,15700.0,15695.0,109,1710906.0,0.03,0.06,10.0,0.0
SPIRAX-SARCO ENGINEERING PLC OR,SPX,2021-11-30 20:42,15695.0,15720.0,15720.0,15695.0,971,15247240.0,0.16,0.13,20.0,0.0
SPIRAX-SARCO ENGINEERING PLC OR,SPX,2021-11-30 20:43,15725.0,15720.0,15725.0,15720.0,18,282978.0,0.03,0.0,0.0,0.0
SPIRAX-SARCO ENGINEERING PLC OR,SPX,2021-11-30 20:44,15715.0,15715.0,15715.0,15710.0,46,722816.0,0.03,-0.03,-5.0,0.0
SPIRAX-SARCO ENGINEERING PLC OR,SPX,2021-11-30 20:45,15715.0,15705.0,15715.0,15705.0,84,1319591.0,0.06,-0.06,-10.0,0.0
SPIRAX-SARCO ENGINEERING PLC OR,SPX,2021-11-30 20:46,15715.0,15715.0,15715.0,15715.0,7,110006.0,0.0,0.06,10.0,0.0
SPIRAX-SARCO ENGINEERING PLC OR,SPX,2021-11-30 20:47,15720.0,15720.0,15720.0,15720.0,16,251522.0,0.0,0.03,5.0,0.0
SPIRAX-SARCO ENGINEERING PLC OR,SPX,2021-11-30 20:48,15715.0,15720.0,15725.0,15715.0,199,3127956.0,0.06,0.0,0.0,0.0
SPIRAX-SARCO ENGINEERING PLC OR,SPX,2021-11-30 20:49,15720.0,15720.0,15720.0,15720.0,0,0.0,0.0,0.0,0.0,0.0
SPIRAX-SARCO ENGINEERING PLC OR,SPX,2021-11-30 20:50,15725.0,15720.0,15725.0,15720.0,131,2059938.0,0.03,0.0,0.0,0.0
SPIRAX-SARCO ENGINEERING PLC OR,SPX,2021-11-30 20:51,15715.0,15715.0,15715.0,15715.0,79,1241496.0,0.0,-0.03,-5.0,0.0
SPIRAX-SARCO ENGINEERING PLC OR,SPX,2021-11-30 20:52,15715.0,15715.0,15715.0,15715.0,10,157151.0,0.0,0.0,0.0,0.0
SPIRAX-SARCO ENGINEERING PLC OR,SPX,2021-11-30 20:53,15715.0,15715.0,15715.0,15715.0,0,0.0,0.0,0.0,0.0,0.0
SPIRAX-SARCO ENGINEERING PLC OR,SPX,2021-11-30 20:54,15725.0,15725.0,15725.0,15725.0,22,345953.0,0.0,0.06,10.0,0.0
SPIRAX-SARCO ENGINEERING PLC OR,SPX,2021-11-30 20:55,15720.0,15715.0,15720.0,15715.0,53,833008.0,0.03,-0.06,-10.0,0.0
SPIRAX-SARCO ENGINEERING PLC OR,SPX,2021-11-30 20:56,15720.0,15725.0,15725.0,15720.0,49,770523.0,0.03,0.06,10.0,0.0
SPIRAX-SARCO ENGINEERING PLC OR,SPX,2021-11-30 20:57,15725.0,15725.0,15725.0,15725.0,0,0.0,0.0,0.0,0.0,0.0
SPIRAX-SARCO ENGINEERING PLC OR,SPX,2021-11-30 20:58,15725.0,15725.0,15725.0,15725.0,0,0.0,0.0,0.0,0.0,0.0
SPIRAX-SARCO ENGINEERING PLC OR,SPX,2021-11-30 20:59,15730.0,15735.0,15735.0,15730.0,51,802455.0,0.03,0.06,10.0,0.0
SPIRAX-SARCO ENGINEERING PLC OR,SPX,2021-11-30 21:00,15730.0,15730.0,15730.0,15725.0,95,1494317.0,0.03,-0.03,-5.0,0.0
SPIRAX-SARCO ENGINEERING PLC OR,SPX,2021-11-30 21:01,15735.0,15730.0,15735.0,15730.0,43,676493.0,0.03,0.0,0.0,0.0
SPIRAX-SARCO ENGINEERING PLC OR,SPX,2021-11-30 21:02,15730.0,15740.0,15740.0,15730.0,81,1271712.0,0.06,0.06,10.0,0.0
SPIRAX-SARCO ENGINEERING PLC OR,SPX,2021-11-30 21:03,15740.0,15740.0,15740.0,15740.0,9,141662.0,0.0,0.0,0.0,0.0
SPIRAX-SARCO ENGINEERING PLC OR,SPX,2021-11-30 21:04,15740.0,15745.0,15745.0,15740.0,10,157443.0,0.03,0.03,5.0,0.0
SPIRAX-SARCO ENGINEERING PLC OR,SPX,2021-11-30 21:05,15740.0,15740.0,15740.0,15740.0,35,550910.0,0.0,-0.03,-5.0,0.0
SPIRAX-SARCO ENGINEERING PLC OR,SPX,2021-11-30 21:06,15740.0,15740.0,15740.0,15740.0,0,0.0,0.0,0.0,0.0,0.0
SPIRAX-SARCO ENGINEERING PLC OR,SPX,2021-11-30 21:07,15735.0,15745.0,15745.0,15735.0,88,1384876.0,0.06,0.03,5.0,0.0
SPIRAX-SARCO ENGINEERING PLC OR,SPX,2021-11-30 21:08,15745.0,15745.0,15745.0,15745.0,15,236179.0,0.0,0.0,0.0,0.0
SPIRAX-SARCO ENGINEERING PLC OR,SPX,2021-11-30 21:09,15745.0,15740.0,15750.0,15740.0,166,2614101.0,0.06,-0.03,-5.0,0.0
SPIRAX-SARCO ENGINEERING PLC OR,SPX,2021-11-30 21:10,15740.0,15740.0,15740.0,15740.0,17,267585.0,0.0,0.0,0.0,0.0
SPIRAX-SARCO ENGINEERING PLC OR,SPX,2021-11-30 21:11,15730.0,15730.0,15735.0,15730.0,112,1762015.0,0.03,-0.06,-10.0,0.0
SPIRAX-SARCO ENGINEERING PLC OR,SPX,2021-11-30 21:12,15735.0,15735.0,15735.0,15735.0,4,62941.0,0.0,0.03,5.0,0.0
SPIRAX-SARCO ENGINEERING PLC OR,SPX,2021-11-30 21:13,15735.0,15735.0,15735.0,15735.0,0,0.0,0.0,0.0,0.0,0.0
SPIRAX-SARCO ENGINEERING PLC OR,SPX,2021-11-30 21:14,15740.0,15735.0,15745.0,15735.0,58,912972.0,0.06,0.0,0.0,0.0
SPIRAX-SARCO ENGINEERING PLC OR,SPX,2021-11-30 21:15,15730.0,15725.0,15730.0,15725.0,135,2123344.0,0.03,-0.06,-10.0,0.0
SPIRAX-SARCO ENGINEERING PLC OR,SPX,2021-11-30 21:16,15720.0,15720.0,15720.0,15720.0,317,4983308.0,0.0,-0.03,-5.0,0.0
SPIRAX-SARCO ENGINEERING PLC OR,SPX,2021-11-30 21:17,15720.0,15695.0,15720.0,15695.0,116,1822299.0,0.16,-0.16,-25.0,0.0
SPIRAX-SARCO ENGINEERING PLC OR,SPX,2021-11-30 21:18,15695.0,15700.0,15700.0,15695.0,77,1208704.0,0.03,0.03,5.0,0.0
SPIRAX-SARCO ENGINEERING PLC OR,SPX,2021-11-30 21:19,15690.0,15690.0,15690.0,15690.0,61,957095.0,0.0,-0.06,-10.0,0.0
SPIRAX-SARCO ENGINEERING PLC OR,SPX,2021-11-30 21:20,15685.0,15685.0,15685.0,15685.0,38,596032.0,0.0,-0.03,-5.0,0.0
SPIRAX-SARCO ENGINEERING PLC OR,SPX,2021-11-30 21:21,15690.0,15670.0,15690.0,15670.0,83,1301032.0,0.13,-0.1,-15.0,0.0
SPIRAX-SARCO ENGINEERING PLC OR,SPX,2021-11-30 21:22,15665.0,15665.0,15665.0,15665.0,36,563939.0,0.0,-0.03,-5.0,0.0
SPIRAX-SARCO ENGINEERING PLC OR,SPX,2021-11-30 21:23,15665.0,15665.0,15665.0,15665.0,0,0.0,0.0,0.0,0.0,0.0
SPIRAX-SARCO ENGINEERING PLC OR,SPX,2021-11-30 21:24,15655.0,15650.0,15655.0,15650.0,57,892176.0,0.03,-0.1,-15.0,0.0
SPIRAX-SARCO ENGINEERING PLC OR,SPX,2021-11-30 21:25,15655.0,15655.0,15655.0,15655.0,4,62619.0,0.0,0.03,5.0,0.0
SPIRAX-SARCO ENGINEERING PLC OR,SPX,2021-11-30 21:26,15660.0,15660.0,15660.0,15660.0,19,297539.0,0.0,0.03,5.0,0.0
SPIRAX-SARCO ENGINEERING PLC OR,SPX,2021-11-30 21:27,15665.0,15670.0,15670.0,15665.0,39,610964.0,0.03,0.06,10.0,0.0
SPIRAX-SARCO ENGINEERING PLC OR,SPX,2021-11-30 21:28,15675.0,15665.0,15675.0,15665.0,84,1315979.0,0.06,-0.03,-5.0,0.0
SPIRAX-SARCO ENGINEERING PLC OR,SPX,2021-11-30 21:29,15665.0,15660.0,15665.0,15660.0,29,454174.0,0.03,-0.03,-5.0,0.0
SPIRAX-SARCO ENGINEERING PLC OR,SPX,2021-11-30 21:30,15635.0,15640.0,15640.0,15635.0,60,938152.0,0.03,-0.13,-20.0,0.0
SPIRAX-SARCO ENGINEERING PLC OR,SPX,2021-11-30 21:31,15645.0,15655.0,15655.0,15645.0,47,735541.0,0.06,0.1,15.0,0.0
SPIRAX-SARCO ENGINEERING PLC OR,SPX,2021-11-30 21:32,15640.0,15650.0,15650.0,15640.0,230,3598158.0,0.06,-0.03,-5.0,0.0
SPIRAX-SARCO ENGINEERING PLC OR,SPX,2021-11-30 21:33,15640.0,15640.0,15640.0,15640.0,50,781994.0,0.0,-0.06,-10.0,0.0
SPIRAX-SARCO ENGINEERING PLC OR,SPX,2021-11-30 21:34,15640.0,15640.0,15640.0,15640.0,0,0.0,0.0,0.0,0.0,0.0
SPIRAX-SARCO ENGINEERING PLC OR,SPX,2021-11-30 21:35,15640.0,15640.0,15640.0,15640.0,27,422344.0,0.0,0.0,0.0,0.0
SPIRAX-SARCO ENGINEERING PLC OR,SPX,2021-11-30 21:36,15635.0,15640.0,15640.0,15635.0,85,1329079.0,0.03,0.0,0.0,0.0
SPIRAX-SARCO ENGINEERING PLC OR,SPX,2021-11-30 21:37,15640.0,15640.0,15640.0,15635.0,61,953938.0,0.03,0.0,0.0,0.0
SPIRAX-SARCO ENGINEERING PLC OR,SPX,2021-11-30 21:38,15640.0,15645.0,15645.0,15640.0,99,1548399.0,0.03,0.03,5.0,0.0
SPIRAX-SARCO ENGINEERING PLC OR,SPX,2021-11-30 21:39,15650.0,15650.0,15650.0,15650.0,9,140849.0,0.0,0.03,5.0,0.0
SPIRAX-SARCO ENGINEERING PLC OR,SPX,2021-11-30 21:40,15655.0,15655.0,15655.0,15655.0,24,375718.0,0.0,0.03,5.0,0.0
SPIRAX-SARCO ENGINEERING PLC OR,SPX,2021-11-30 21:41,15655.0,15660.0,15660.0,15655.0,66,1033719.0,0.03,0.03,5.0,0.0
SPIRAX-SARCO ENGINEERING PLC OR,SPX,2021-11-30 21:42,15670.0,15670.0,15670.0,15670.0,57,893190.0,0.0,0.06,10.0,0.0
SPIRAX-SARCO ENGINEERING PLC OR,SPX,2021-11-30 21:43,15670.0,15665.0,15670.0,15665.0,7,109675.0,0.03,-0.03,-5.0,0.0
SPIRAX-SARCO ENGINEERING PLC OR,SPX,2021-11-30 21:44,15670.0,15675.0,15675.0,15670.0,20944,328507328.0,0.03,0.06,10.0,0.03
SPIRAX-SARCO ENGINEERING PLC OR,SPX,2021-11-30 21:45,15675.0,15675.0,15680.0,15675.0,79,1238390.0,0.03,0.0,0.0,0.0
SPIRAX-SARCO ENGINEERING PLC OR,SPX,2021-11-30 21:46,15680.0,15680.0,15680.0,15680.0,6,94080.0,0.0,0.03,5.0,0.0
SPIRAX-SARCO ENGINEERING PLC OR,SPX,2021-11-30 21:47,15680.0,15680.0,15680.0,15680.0,35,548888.0,0.0,0.0,0.0,0.0
SPIRAX-SARCO ENGINEERING PLC OR,SPX,2021-11-30 21:48,15685.0,15685.0,15685.0,15685.0,59,925416.0,0.0,0.03,5.0,0.0
SPIRAX-SARCO ENGINEERING PLC OR,SPX,2021-11-30 21:49,15685.0,15685.0,15690.0,15685.0,127,1992254.0,0.03,0.0,0.0,0.0
SPIRAX-SARCO ENGINEERING PLC OR,SPX,2021-11-30 21:50,15690.0,15695.0,15695.0,15690.0,18,282495.0,0.03,0.06,10.0,0.0
SPIRAX-SARCO ENGINEERING PLC OR,SPX,2021-11-30 21:51,15690.0,15690.0,15690.0,15690.0,79,1239513.0,0.0,-0.03,-5.0,0.0
SPIRAX-SARCO ENGINEERING PLC OR,SPX,2021-11-30 21:52,15690.0,15690.0,15690.0,15690.0,0,0.0,0.0,0.0,0.0,0.0
SPIRAX-SARCO ENGINEERING PLC OR,SPX,2021-11-30 21:53,15685.0,15665.0,15685.0,15665.0,175,2742934.0,0.13,-0.16,-25.0,0.0
SPIRAX-SARCO ENGINEERING PLC OR,SPX,2021-11-30 21:54,15665.0,15675.0,15675.0,15665.0,41,642524.0,0.06,0.06,10.0,0.0
SPIRAX-SARCO ENGINEERING PLC OR,SPX,2021-11-30 21:55,15680.0,15685.0,15685.0,15680.0,32,501865.0,0.03,0.06,10.0,0.0
SPIRAX-SARCO ENGINEERING PLC OR,SPX,2021-11-30 21:56,15685.0,15675.0,15690.0,15675.0,120,1882098.0,0.1,-0.06,-10.0,0.0
SPIRAX-SARCO ENGINEERING PLC OR,SPX,2021-11-30 21:57,15690.0,15690.0,15690.0,15690.0,30,470701.0,0.0,0.1,15.0,0.0
SPIRAX-SARCO ENGINEERING PLC OR,SPX,2021-11-30 21:58,15695.0,15695.0,15695.0,15695.0,7,109865.0,0.0,0.03,5.0,0.0
SPIRAX-SARCO ENGINEERING PLC OR,SPX,2021-11-30 21:59,15695.0,15695.0,15695.0,15695.0,0,0.0,0.0,0.0,0.0,0.0
SPIRAX-SARCO ENGINEERING PLC OR,SPX,2021-11-30 22:00,15705.0,15705.0,15705.0,15705.0,19,298396.0,0.0,0.06,10.0,0.0
SPIRAX-SARCO ENGINEERING PLC OR,SPX,2021-11-30 22:01,15710.0,15715.0,15715.0,15710.0,18,282811.0,0.03,0.06,10.0,0.0
SPIRAX-SARCO ENGINEERING PLC OR,SPX,2021-11-30 22:02,15700.0,15720.0,15720.0,15700.0,102,1602740.0,0.13,0.03,5.0,0.0
SPIRAX-SARCO ENGINEERING PLC OR,SPX,2021-11-30 22:03,15725.0,15725.0,15725.0,15725.0,31,487479.0,0.0,0.03,5.0,0.0
SPIRAX-SARCO ENGINEERING PLC OR,SPX,2021-11-30 22:04,15720.0,15710.0,15720.0,15710.0,197,3095828.0,0.06,-0.1,-15.0,0.0
SPIRAX-SARCO ENGINEERING PLC OR,SPX,2021-11-30 22:05,15705.0,15710.0,15710.0,15705.0,9,141365.0,0.03,0.0,0.0,0.0
SPIRAX-SARCO ENGINEERING PLC OR,SPX,2021-11-30 22:06,15715.0,15715.0,15720.0,15715.0,81,1272978.0,0.03,0.03,5.0,0.0
SPIRAX-SARCO ENGINEERING PLC OR,SPX,2021-11-30 22:07,15730.0,15720.0,15735.0,15720.0,81,1274172.0,0.1,0.03,5.0,0.0
SPIRAX-SARCO ENGINEERING PLC OR,SPX,2021-11-30 22:08,15720.0,15720.0,15720.0,15720.0,28,440233.0,0.0,0.0,0.0,0.0
SPIRAX-SARCO ENGINEERING PLC OR,SPX,2021-11-30 22:09,15715.0,15730.0,15735.0,15715.0,285,4481322.0,0.13,0.06,10.0,0.0
SPIRAX-SARCO ENGINEERING PLC OR,SPX,2021-11-30 22:10,15730.0,15730.0,15730.0,15730.0,0,0.0,0.0,0.0,0.0,0.0
SPIRAX-SARCO ENGINEERING PLC OR,SPX,2021-11-30 22:11,15735.0,15730.0,15745.0,15730.0,289,4544743.0,0.1,0.0,0.0,0.0
SPIRAX-SARCO ENGINEERING PLC OR,SPX,2021-11-30 22:12,15745.0,15745.0,15745.0,15745.0,88,1385581.0,0.0,0.1,15.0,0.0
SPIRAX-SARCO ENGINEERING PLC OR,SPX,2021-11-30 22:13,15750.0,15755.0,15755.0,15750.0,210,3307980.0,0.03,0.06,10.0,0.0
SPIRAX-SARCO ENGINEERING PLC OR,SPX,2021-11-30 22:14,15750.0,15750.0,15750.0,15750.0,16,252004.0,0.0,-0.03,-5.0,0.0
SPIRAX-SARCO ENGINEERING PLC OR,SPX,2021-11-30 22:15,15745.0,15745.0,15745.0,15740.0,103,1621709.0,0.03,-0.03,-5.0,0.0
SPIRAX-SARCO ENGINEERING PLC OR,SPX,2021-11-30 22:16,15740.0,15735.0,15745.0,15735.0,68,1070379.0,0.06,-0.06,-10.0,0.0
SPIRAX-SARCO ENGINEERING PLC OR,SPX,2021-11-30 22:17,15740.0,15745.0,15745.0,15740.0,15,236128.0,0.03,0.06,10.0,0.0
SPIRAX-SARCO ENGINEERING PLC OR,SPX,2021-11-30 22:18,15745.0,15745.0,15745.0,15745.0,0,0.0,0.0,0.0,0.0,0.0
SPIRAX-SARCO ENGINEERING PLC OR,SPX,2021-11-30 22:19,15755.0,15755.0,15755.0,15755.0,107,1685814.0,0.0,0.06,10.0,0.0
SPIRAX-SARCO ENGINEERING PLC OR,SPX,2021-11-30 22:20,15760.0,15760.0,15765.0,15755.0,695,10953452.0,0.06,0.03,5.0,0.0
SPIRAX-SARCO ENGINEERING PLC OR,SPX,2021-11-30 22:21,15760.0,15760.0,15760.0,15760.0,0,0.0,0.0,0.0,0.0,0.0
SPIRAX-SARCO ENGINEERING PLC OR,SPX,2021-11-30 22:22,15760.0,15760.0,15760.0,15760.0,102,1607548.0,0.0,0.0,0.0,0.0
SPIRAX-SARCO ENGINEERING PLC OR,SPX,2021-11-30 22:23,15765.0,15770.0,15775.0,15760.0,441,6953633.0,0.1,0.06,10.0,0.0
SPIRAX-SARCO ENGINEERING PLC OR,SPX,2021-11-30 22:24,15770.0,15775.0,15775.0,15770.0,82,1293355.0,0.03,0.03,5.0,0.0
SPIRAX-SARCO ENGINEERING PLC OR,SPX,2021-11-30 22:25,15775.0,15775.0,15775.0,15775.0,0,0.0,0.0,0.0,0.0,0.0
SPIRAX-SARCO ENGINEERING PLC OR,SPX,2021-11-30 22:26,15775.0,15795.0,15795.0,15775.0,445,7026208.0,0.13,0.13,20.0,0.0
SPIRAX-SARCO ENGINEERING PLC OR,SPX,2021-11-30 22:27,15780.0,15780.0,15780.0,15780.0,153,2415436.0,0.0,-0.09,-15.0,0.0
SPIRAX-SARCO ENGINEERING PLC OR,SPX,2021-11-30 22:28,15790.0,15780.0,15800.0,15780.0,212,3348771.0,0.13,0.0,0.0,0.0
SPIRAX-SARCO ENGINEERING PLC OR,SPX,2021-11-30 22:29,15780.0,15780.0,15780.0,15780.0,0,0.0,0.0,0.0,0.0,0.0
SPIRAX-SARCO ENGINEERING PLC OR,SPX,2021-11-30 22:30,15790.0,15790.0,15795.0,15790.0,68,1073815.0,0.03,0.06,10.0,0.0
SPIRAX-SARCO ENGINEERING PLC OR,SPX,2021-11-30 22:31,15795.0,15795.0,15805.0,15790.0,280,4422981.0,0.09,0.03,5.0,0.0
SPIRAX-SARCO ENGINEERING PLC OR,SPX,2021-11-30 22:32,15800.0,15785.0,15800.0,15785.0,29,458111.0,0.09,-0.06,-10.0,0.0
SPIRAX-SARCO ENGINEERING PLC OR,SPX,2021-11-30 22:33,15795.0,15805.0,15805.0,15795.0,135,2133113.0,0.06,0.13,20.0,0.0
SPIRAX-SARCO ENGINEERING PLC OR,SPX,2021-11-30 22:34,15800.0,15785.0,15800.0,15785.0,159,2511038.0,0.09,-0.13,-20.0,0.0
SPIRAX-SARCO ENGINEERING PLC OR,SPX,2021-11-30 22:35,15785.0,15785.0,15785.0,15785.0,24,378848.0,0.0,0.0,0.0,0.0
SPIRAX-SARCO ENGINEERING PLC OR,SPX,2021-11-30 22:36,15795.0,15805.0,15805.0,15795.0,218,3444178.0,0.06,0.13,20.0,0.0
SPIRAX-SARCO ENGINEERING PLC OR,SPX,2021-11-30 22:37,15800.0,15800.0,15800.0,15800.0,88,1390433.0,0.0,-0.03,-5.0,0.0
SPIRAX-SARCO ENGINEERING PLC OR,SPX,2021-11-30 22:38,15810.0,15815.0,15815.0,15810.0,23,363684.0,0.03,0.09,15.0,0.0
SPIRAX-SARCO ENGINEERING PLC OR,SPX,2021-11-30 22:39,15825.0,15830.0,15835.0,15825.0,151,2390061.0,0.06,0.09,15.0,0.0
SPIRAX-SARCO ENGINEERING PLC OR,SPX,2021-11-30 22:40,15840.0,15840.0,15845.0,15835.0,148,2344019.0,0.06,0.06,10.0,0.0
SPIRAX-SARCO ENGINEERING PLC OR,SPX,2021-11-30 22:41,15845.0,15850.0,15860.0,15845.0,258,4090186.0,0.09,0.06,10.0,0.0
SPIRAX-SARCO ENGINEERING PLC OR,SPX,2021-11-30 22:42,15845.0,15865.0,15870.0,15840.0,1547,24526378.0,0.19,0.09,15.0,0.0
SPIRAX-SARCO ENGINEERING PLC OR,SPX,2021-11-30 22:43,15870.0,15855.0,15870.0,15845.0,1015,16093867.0,0.16,-0.06,-10.0,0.0
SPIRAX-SARCO ENGINEERING PLC OR,SPX,2021-11-30 22:44,15860.0,15850.0,15860.0,15850.0,134,2124372.0,0.06,-0.03,-5.0,0.0
SPIRAX-SARCO ENGINEERING PLC OR,SPX,2021-11-30 22:45,15845.0,15840.0,15845.0,15840.0,74,1172409.0,0.03,-0.06,-10.0,0.0
SPIRAX-SARCO ENGINEERING PLC OR,SPX,2021-11-30 22:46,15840.0,15860.0,15860.0,15840.0,67,1062253.0,0.13,0.13,20.0,0.0
SPIRAX-SARCO ENGINEERING PLC OR,SPX,2021-11-30 22:47,15855.0,15865.0,15865.0,15855.0,22,348921.0,0.06,0.03,5.0,0.0
SPIRAX-SARCO ENGINEERING PLC OR,SPX,2021-11-30 22:48,15855.0,15855.0,15855.0,15855.0,43,681809.0,0.0,-0.06,-10.0,0.0
SPIRAX-SARCO ENGINEERING PLC OR,SPX,2021-11-30 22:49,15855.0,15860.0,15860.0,15855.0,18,285496.0,0.03,0.03,5.0,0.0
SPIRAX-SARCO ENGINEERING PLC OR,SPX,2021-11-30 22:50,15860.0,15860.0,15865.0,15860.0,121,1916755.0,0.03,0.0,0.0,0.0
SPIRAX-SARCO ENGINEERING PLC OR,SPX,2021-11-30 22:51,15860.0,15845.0,15865.0,15845.0,186,2949431.0,0.13,-0.09,-15.0,0.0
SPIRAX-SARCO ENGINEERING PLC OR,SPX,2021-11-30 22:52,15855.0,15855.0,15855.0,15855.0,21,332966.0,0.0,0.06,10.0,0.0
SPIRAX-SARCO ENGINEERING PLC OR,SPX,2021-11-30 22:53,15855.0,15860.0,15860.0,15855.0,218,3457144.0,0.03,0.03,5.0,0.0
SPIRAX-SARCO ENGINEERING PLC OR,SPX,2021-11-30 22:54,15865.0,15850.0,15865.0,15850.0,225,3567715.0,0.09,-0.06,-10.0,0.0
SPIRAX-SARCO ENGINEERING PLC OR,SPX,2021-11-30 22:55,15845.0,15810.0,15845.0,15810.0,165,2612084.0,0.22,-0.25,-40.0,0.0
SPIRAX-SARCO ENGINEERING PLC OR,SPX,2021-11-30 22:56,15810.0,15835.0,15835.0,15810.0,183,2895045.0,0.16,0.16,25.0,0.0
SPIRAX-SARCO ENGINEERING PLC OR,SPX,2021-11-30 22:57,15845.0,15835.0,15845.0,15835.0,1135,17983822.0,0.06,0.0,0.0,0.0
SPIRAX-SARCO ENGINEERING PLC OR,SPX,2021-11-30 22:58,15845.0,15845.0,15860.0,15845.0,1061,16812589.0,0.09,0.06,10.0,0.0
SPIRAX-SARCO ENGINEERING PLC OR,SPX,2021-11-30 22:59,15845.0,15840.0,15855.0,15840.0,283,4484505.0,0.09,-0.03,-5.0,0.0
SPIRAX-SARCO ENGINEERING PLC OR,SPX,2021-11-30 23:00,15845.0,15850.0,15850.0,15845.0,73,1156738.0,0.03,0.06,10.0,0.0
SPIRAX-SARCO ENGINEERING PLC OR,SPX,2021-11-30 23:01,15850.0,15855.0,15865.0,15850.0,75,1189276.0,0.09,0.03,5.0,0.0
SPIRAX-SARCO ENGINEERING PLC OR,SPX,2021-11-30 23:02,15860.0,15850.0,15860.0,15850.0,105,1664680.0,0.06,-0.03,-5.0,0.0
SPIRAX-SARCO ENGINEERING PLC OR,SPX,2021-11-30 23:03,15860.0,15860.0,15865.0,15860.0,75,1189728.0,0.03,0.06,10.0,0.0
SPIRAX-SARCO ENGINEERING PLC OR,SPX,2021-11-30 23:04,15855.0,15855.0,15855.0,15855.0,25,396387.0,0.0,-0.03,-5.0,0.0
SPIRAX-SARCO ENGINEERING PLC OR,SPX,2021-11-30 23:05,15865.0,15865.0,15865.0,15865.0,7,111058.0,0.0,0.06,10.0,0.0
SPIRAX-SARCO ENGINEERING PLC OR,SPX,2021-11-30 23:06,15870.0,15870.0,15870.0,15870.0,14,222187.0,0.0,0.03,5.0,0.0
SPIRAX-SARCO ENGINEERING PLC OR,SPX,2021-11-30 23:07,15870.0,15890.0,15905.0,15870.0,2403,38163520.0,0.22,0.13,20.0,0.0
SPIRAX-SARCO ENGINEERING PLC OR,SPX,2021-11-30 23:08,15895.0,15905.0,15905.0,15895.0,256,4070132.0,0.06,0.09,15.0,0.0
SPIRAX-SARCO ENGINEERING PLC OR,SPX,2021-11-30 23:09,15900.0,15855.0,15900.0,15845.0,254,4031821.0,0.35,-0.31,-50.0,0.0
SPIRAX-SARCO ENGINEERING PLC OR,SPX,2021-11-30 23:10,15860.0,15870.0,15870.0,15860.0,148,2348164.0,0.06,0.09,15.0,0.0
SPIRAX-SARCO ENGINEERING PLC OR,SPX,2021-11-30 23:11,15870.0,15860.0,15870.0,15860.0,124,1967393.0,0.06,-0.06,-10.0,0.0
SPIRAX-SARCO ENGINEERING PLC OR,SPX,2021-11-30 23:12,15850.0,15850.0,15850.0,15850.0,19,301158.0,0.0,-0.06,-10.0,0.0
SPIRAX-SARCO ENGINEERING PLC OR,SPX,2021-11-30 23:13,15835.0,15835.0,15845.0,15835.0,86,1362203.0,0.06,-0.09,-15.0,0.0
SPIRAX-SARCO ENGINEERING PLC OR,SPX,2021-11-30 23:14,15835.0,15825.0,15835.0,15825.0,114,1804631.0,0.06,-0.06,-10.0,0.0
SPIRAX-SARCO ENGINEERING PLC OR,SPX,2021-11-30 23:15,15825.0,15815.0,15825.0,15815.0,145,2293963.0,0.06,-0.06,-10.0,0.0
SPIRAX-SARCO ENGINEERING PLC OR,SPX,2021-11-30 23:16,15820.0,15860.0,15860.0,15820.0,138,2185346.0,0.25,0.28,45.0,0.0
SPIRAX-SARCO ENGINEERING PLC OR,SPX,2021-11-30 23:17,15870.0,15850.0,15870.0,15850.0,91,1440836.0,0.13,-0.06,-10.0,0.0
SPIRAX-SARCO ENGINEERING PLC OR,SPX,2021-11-30 23:18,15845.0,15840.0,15845.0,15835.0,83,1314839.0,0.06,-0.06,-10.0,0.0
SPIRAX-SARCO ENGINEERING PLC OR,SPX,2021-11-30 23:19,15840.0,15835.0,15840.0,15835.0,179,2834493.0,0.03,-0.03,-5.0,0.0
SPIRAX-SARCO ENGINEERING PLC OR,SPX,2021-11-30 23:20,15835.0,15825.0,15835.0,15825.0,126,1994712.0,0.06,-0.06,-10.0,0.0
SPIRAX-SARCO ENGINEERING PLC OR,SPX,2021-11-30 23:21,15820.0,15840.0,15840.0,15820.0,257,4067970.0,0.13,0.09,15.0,0.0
SPIRAX-SARCO ENGINEERING PLC OR,SPX,2021-11-30 23:22,15840.0,15835.0,15840.0,15835.0,68,1077112.0,0.03,-0.03,-5.0,0.0
SPIRAX-SARCO ENGINEERING PLC OR,SPX,2021-11-30 23:23,15835.0,15840.0,15840.0,15835.0,31,491052.0,0.03,0.03,5.0,0.0
SPIRAX-SARCO ENGINEERING PLC OR,SPX,2021-11-30 23:24,15835.0,15835.0,15835.0,15835.0,62,981794.0,0.0,-0.03,-5.0,0.0
SPIRAX-SARCO ENGINEERING PLC OR,SPX,2021-11-30 23:25,15830.0,15840.0,15840.0,15830.0,108,1709875.0,0.06,0.03,5.0,0.0
SPIRAX-SARCO ENGINEERING PLC OR,SPX,2021-11-30 23:26,15830.0,15835.0,15835.0,15830.0,28,443345.0,0.03,-0.03,-5.0,0.0
SPIRAX-SARCO ENGINEERING PLC OR,SPX,2021-11-30 23:27,15840.0,15825.0,15840.0,15820.0,140,2215940.0,0.13,-0.06,-10.0,0.0
SPIRAX-SARCO ENGINEERING PLC OR,SPX,2021-11-30 23:28,15835.0,15835.0,15835.0,15835.0,194,3071563.0,0.0,0.06,10.0,0.0
SPIRAX-SARCO ENGINEERING PLC OR,SPX,2021-11-30 23:29,15825.0,15825.0,15825.0,15825.0,64,1012822.0,0.0,-0.06,-10.0,0.0
SPIRAX-SARCO ENGINEERING PLC OR,SPX,2021-11-30 23:30,15825.0,15830.0,15830.0,15820.0,222,3513624.0,0.06,0.03,5.0,0.0
SPIRAX-SARCO ENGINEERING PLC OR,SPX,2021-11-30 23:31,15830.0,15830.0,15835.0,15820.0,239,3776486.0,0.09,0.0,0.0,0.0
SPIRAX-SARCO ENGINEERING PLC OR,SPX,2021-11-30 23:32,15830.0,15825.0,15830.0,15815.0,264,4162914.0,0.09,-0.03,-5.0,0.0
SPIRAX-SARCO ENGINEERING PLC OR,SPX,2021-11-30 23:33,15830.0,15840.0,15840.0,15825.0,141,2232228.0,0.09,0.09,15.0,0.0
SPIRAX-SARCO ENGINEERING PLC OR,SPX,2021-11-30 23:34,15840.0,15840.0,15840.0,15835.0,131,2074992.0,0.03,0.0,0.0,0.0
SPIRAX-SARCO ENGINEERING PLC OR,SPX,2021-11-30 23:35,15840.0,15835.0,15845.0,15835.0,122,1932375.0,0.06,-0.03,-5.0,0.0
SPIRAX-SARCO ENGINEERING PLC OR,SPX,2021-11-30 23:36,15830.0,15830.0,15835.0,15825.0,220,3482928.0,0.06,-0.03,-5.0,0.0
SPIRAX-SARCO ENGINEERING PLC OR,SPX,2021-11-30 23:37,15820.0,15810.0,15825.0,15800.0,164,2593013.0,0.16,-0.13,-20.0,0.0
SPIRAX-SARCO ENGINEERING PLC OR,SPX,2021-11-30 23:38,15800.0,15795.0,15800.0,15795.0,76,1200620.0,0.03,-0.09,-15.0,0.0
SPIRAX-SARCO ENGINEERING PLC OR,SPX,2021-11-30 23:39,15790.0,15790.0,15795.0,15785.0,219,3458062.0,0.06,-0.03,-5.0,0.0
SPIRAX-SARCO ENGINEERING PLC OR,SPX,2021-11-30 23:40,15790.0,15780.0,15795.0,15780.0,221,3482271.0,0.09,-0.06,-10.0,0.0
SPIRAX-SARCO ENGINEERING PLC OR,SPX,2021-11-30 23:41,15780.0,15785.0,15785.0,15780.0,166,2620005.0,0.03,0.03,5.0,0.0
SPIRAX-SARCO ENGINEERING PLC OR,SPX,2021-11-30 23:42,15785.0,15785.0,15785.0,15785.0,21,331494.0,0.0,0.0,0.0,0.0
SPIRAX-SARCO ENGINEERING PLC OR,SPX,2021-11-30 23:43,15790.0,15780.0,15790.0,15780.0,144,2273359.0,0.06,-0.03,-5.0,0.0
SPIRAX-SARCO ENGINEERING PLC OR,SPX,2021-11-30 23:44,15790.0,15790.0,15795.0,15790.0,118,1863495.0,0.03,0.06,10.0,0.0
SPIRAX-SARCO ENGINEERING PLC OR,SPX,2021-11-30 23:45,15795.0,15785.0,15795.0,15785.0,153,2415921.0,0.06,-0.03,-5.0,0.0
SPIRAX-SARCO ENGINEERING PLC OR,SPX,2021-11-30 23:46,15790.0,15790.0,15795.0,15785.0,240,3789572.0,0.06,0.03,5.0,0.0
SPIRAX-SARCO ENGINEERING PLC OR,SPX,2021-11-30 23:47,15790.0,15800.0,15805.0,15790.0,282,4455676.0,0.09,0.06,10.0,0.0
SPIRAX-SARCO ENGINEERING PLC OR,SPX,2021-11-30 23:48,15800.0,15795.0,15800.0,15790.0,457,7214893.0,0.06,-0.03,-5.0,0.0
SPIRAX-SARCO ENGINEERING PLC OR,SPX,2021-11-30 23:49,15795.0,15780.0,15795.0,15780.0,62,978691.0,0.09,-0.09,-15.0,0.0
SPIRAX-SARCO ENGINEERING PLC OR,SPX,2021-11-30 23:50,15775.0,15760.0,15775.0,15760.0,255,4019838.0,0.1,-0.13,-20.0,0.0
SPIRAX-SARCO ENGINEERING PLC OR,SPX,2021-11-30 23:51,15755.0,15740.0,15755.0,15740.0,81,1275433.0,0.1,-0.13,-20.0,0.0
SPIRAX-SARCO ENGINEERING PLC OR,SPX,2021-11-30 23:52,15740.0,15735.0,15740.0,15735.0,107,1684063.0,0.03,-0.03,-5.0,0.0
SPIRAX-SARCO ENGINEERING PLC OR,SPX,2021-11-30 23:53,15735.0,15720.0,15740.0,15720.0,225,3538498.0,0.13,-0.1,-15.0,0.0
SPIRAX-SARCO ENGINEERING PLC OR,SPX,2021-11-30 23:54,15720.0,15705.0,15720.0,15705.0,154,2420386.0,0.1,-0.1,-15.0,0.0
SPIRAX-SARCO ENGINEERING PLC OR,SPX,2021-11-30 23:55,15705.0,15705.0,15705.0,15705.0,0,0.0,0.0,0.0,0.0,0.0
SPIRAX-SARCO ENGINEERING PLC OR,SPX,2021-11-30 23:56,15695.0,15680.0,15700.0,15680.0,235,3687505.0,0.13,-0.16,-25.0,0.0
SPIRAX-SARCO ENGINEERING PLC OR,SPX,2021-11-30 23:57,15685.0,15705.0,15705.0,15685.0,134,2103206.0,0.13,0.16,25.0,0.0
SPIRAX-SARCO ENGINEERING PLC OR,SPX,2021-11-30 23:58,15705.0,15690.0,15705.0,15690.0,214,3359394.0,0.1,-0.1,-15.0,0.0
SPIRAX-SARCO ENGINEERING PLC OR,SPX,2021-11-30 23:59,15695.0,15695.0,15695.0,15695.0,12,188338.0,0.0,0.03,5.0,0.0
SPIRAX-SARCO ENGINEERING PLC OR,SPX,2021-12-01 00:00,15685.0,15660.0,15685.0,15660.0,320,5014508.0,0.16,-0.22,-35.0,0.0
SPIRAX-SARCO ENGINEERING PLC OR,SPX,2021-12-01 00:01,15655.0,15665.0,15665.0,15650.0,192,3006810.0,0.1,0.03,5.0,0.0
SPIRAX-SARCO ENGINEERING PLC OR,SPX,2021-12-01 00:02,15660.0,15650.0,15660.0,15645.0,176,2760149.0,0.1,-0.1,-15.0,0.0
SPIRAX-SARCO ENGINEERING PLC OR,SPX,2021-12-01 00:03,15640.0,15630.0,15640.0,15630.0,132,2063547.0,0.06,-0.13,-20.0,0.0
SPIRAX-SARCO ENGINEERING PLC OR,SPX,2021-12-01 00:04,15635.0,15655.0,15655.0,15635.0,3917,61260605.0,0.13,0.16,25.0,0.01
SPIRAX-SARCO ENGINEERING PLC OR,SPX,2021-12-01 00:05,15645.0,15635.0,15645.0,15635.0,323,5051662.0,0.06,-0.13,-20.0,0.0
SPIRAX-SARCO ENGINEERING PLC OR,SPX,2021-12-01 00:06,15635.0,15655.0,15675.0,15635.0,844,13212044.0,0.26,0.13,20.0,0.0
SPIRAX-SARCO ENGINEERING PLC OR,SPX,2021-12-01 00:07,15655.0,15635.0,15655.0,15630.0,229,3580569.0,0.16,-0.13,-20.0,0.0
SPIRAX-SARCO ENGINEERING PLC OR,SPX,2021-12-01 00:08,15635.0,15645.0,15655.0,15635.0,302,4726060.0,0.13,0.06,10.0,0.0
SPIRAX-SARCO ENGINEERING PLC OR,SPX,2021-12-01 00:09,15640.0,15645.0,15645.0,15625.0,345,5393903.0,0.13,0.0,0.0,0.0
SPIRAX-SARCO ENGINEERING PLC OR,SPX,2021-12-01 00:10,15645.0,15625.0,15645.0,15625.0,202,3157470.0,0.13,-0.13,-20.0,0.0
SPIRAX-SARCO ENGINEERING PLC OR,SPX,2021-12-01 00:11,15630.0,15640.0,15640.0,15630.0,152,2376444.0,0.06,0.1,15.0,0.0
SPIRAX-SARCO ENGINEERING PLC OR,SPX,2021-12-01 00:12,15645.0,15660.0,15660.0,15645.0,339,5306165.0,0.1,0.13,20.0,0.0
SPIRAX-SARCO ENGINEERING PLC OR,SPX,2021-12-01 00:13,15650.0,15650.0,15665.0,15650.0,148,2317300.0,0.1,-0.06,-10.0,0.0
SPIRAX-SARCO ENGINEERING PLC OR,SPX,2021-12-01 00:14,15650.0,15650.0,15655.0,15645.0,281,4397177.0,0.06,0.0,0.0,0.0
SPIRAX-SARCO ENGINEERING PLC OR,SPX,2021-12-01 00:15,15650.0,15665.0,15665.0,15650.0,75,1175848.0,0.1,0.1,15.0,0.0
SPIRAX-SARCO ENGINEERING PLC OR,SPX,2021-12-01 00:16,15660.0,15675.0,15675.0,15660.0,43,673640.0,0.1,0.06,10.0,0.0
SPIRAX-SARCO ENGINEERING PLC OR,SPX,2021-12-01 00:17,15675.0,15690.0,15690.0,15675.0,234,3669228.0,0.1,0.1,15.0,0.0
SPIRAX-SARCO ENGINEERING PLC OR,SPX,2021-12-01 00:18,15700.0,15675.0,15700.0,15675.0,275,4313722.0,0.16,-0.1,-15.0,0.0
SPIRAX-SARCO ENGINEERING PLC OR,SPX,2021-12-01 00:19,15670.0,15665.0,15670.0,15665.0,251,3937734.0,0.03,-0.06,-10.0,0.0
SPIRAX-SARCO ENGINEERING PLC OR,SPX,2021-12-01 00:20,15660.0,15655.0,15660.0,15655.0,124,1941219.0,0.03,-0.06,-10.0,0.0
SPIRAX-SARCO ENGINEERING PLC OR,SPX,2021-12-01 00:21,15650.0,15660.0,15665.0,15635.0,984,15396796.0,0.19,0.03,5.0,0.0
SPIRAX-SARCO ENGINEERING PLC OR,SPX,2021-12-01 00:22,15645.0,15650.0,15650.0,15645.0,150,2346784.0,0.03,-0.06,-10.0,0.0
SPIRAX-SARCO ENGINEERING PLC OR,SPX,2021-12-01 00:23,15645.0,15640.0,15650.0,15640.0,183,2863490.0,0.06,-0.06,-10.0,0.0
SPIRAX-SARCO ENGINEERING PLC OR,SPX,2021-12-01 00:24,15645.0,15630.0,15645.0,15630.0,129,2016617.0,0.1,-0.06,-10.0,0.0
SPIRAX-SARCO ENGINEERING PLC OR,SPX,2021-12-01 00:25,15625.0,15625.0,15625.0,15625.0,27,421854.0,0.0,-0.03,-5.0,0.0
SPIRAX-SARCO ENGINEERING PLC OR,SPX,2021-12-01 00:26,15625.0,15630.0,15630.0,15625.0,375,5860496.0,0.03,0.03,5.0,0.0
SPIRAX-SARCO ENGINEERING PLC OR,SPX,2021-12-01 00:27,15630.0,15640.0,15640.0,15630.0,137,2142125.0,0.06,0.06,10.0,0.0
SPIRAX-SARCO ENGINEERING PLC OR,SPX,2021-12-01 00:28,15635.0,15640.0,15645.0,15635.0,340,5317789.0,0.06,0.0,0.0,0.0
SPIRAX-SARCO ENGINEERING PLC OR,SPX,2021-12-01 00:29,15655.0,15640.0,15660.0,15640.0,237,3709027.0,0.13,0.0,0.0,0.0
SPIRAX-SARCO ENGINEERING PLC OR,SPX,2021-12-01 00:30,15645.0,15630.0,15645.0,15620.0,233912,3656252184.0,0.16,-0.06,-10.0,0.32
